trade-date,index,,index2
20100105,7.04E-05,7.04E+00,7.04
20100106,3.81E-05,3.81E+00,3.81
20100107,6.75E-05,6.75E+00,6.75
20100108,8.25E-05,8.25E+00,8.25
20100111,9.16E-05,9.16E+00,9.16
20100112,0.000130234,1.30E+01,13.0234
20100113,8.06E-05,8.06E+00,8.06
20100114,8.77E-05,8.77E+00,8.77
20100115,9.35E-05,9.35E+00,9.35
20100118,4.73E-05,4.73E+00,4.73
20100119,0.000145894,1.46E+01,14.5894
20100120,7.80E-05,7.80E+00,7.8
20100121,5.49E-05,5.49E+00,5.49
20100122,0.00010075,1.01E+01,10.075
20100125,9.28E-05,9.28E+00,9.28
20100126,9.50E-05,9.50E+00,9.5
20100127,6.19E-05,6.19E+00,6.19
20100128,0.000110989,1.11E+01,11.0989
20100129,0.000180244,1.80E+01,18.0244
20100201,8.37E-05,8.37E+00,8.37
20100202,8.75E-05,8.75E+00,8.75
20100203,0.000105946,1.06E+01,10.5946
20100204,8.02E-05,8.02E+00,8.02
20100205,0.000241701,2.42E+01,24.1701
20100208,0.000279422,2.79E+01,27.9422
20100209,0.000168935,1.69E+01,16.8935
20100210,0.000134676,1.35E+01,13.4676
20100211,0.000133797,1.34E+01,13.3797
20100212,0.000234906,2.35E+01,23.4906
20100215,3.12E-05,3.12E+00,3.12
20100216,0.000104152,1.04E+01,10.4152
20100217,7.55E-05,7.55E+00,7.55
20100218,0.000165548,1.66E+01,16.5548
20100219,0.000167939,1.68E+01,16.7939
20100222,5.52E-05,5.52E+00,5.52
20100223,0.000148385,1.48E+01,14.8385
20100224,7.19E-05,7.19E+00,7.19
20100225,0.000161126,1.61E+01,16.1126
20100226,9.61E-05,9.61E+00,9.61
20100301,0.000157975,1.58E+01,15.7975
20100302,0.000117548,1.18E+01,11.7548
20100303,4.28E-05,4.28E+00,4.28
20100304,0.000108943,1.09E+01,10.8943
20100305,7.88E-05,7.88E+00,7.88
20100308,8.25E-05,8.25E+00,8.25
20100309,0.000105942,1.06E+01,10.5942
20100310,4.65E-05,4.65E+00,4.65
20100311,6.40E-05,6.40E+00,6.4
20100312,7.47E-05,7.47E+00,7.47
20100315,0.000139029,1.39E+01,13.9029
20100316,8.81E-05,8.81E+00,8.81
20100317,0.000111638,1.12E+01,11.1638
20100318,0.000112263,1.12E+01,11.2263
20100319,0.000122418,1.22E+01,12.2418
20100322,0.000121979,1.22E+01,12.1979
20100323,0.000171174,1.71E+01,17.1174
20100324,0.000215354,2.15E+01,21.5354
20100325,8.73E-05,8.73E+00,8.73
20100326,0.000185355,1.85E+01,18.5355
20100329,9.86E-05,9.86E+00,9.86
20100330,6.28E-05,6.28E+00,6.28
20100331,6.91E-05,6.91E+00,6.91
20100401,6.18E-05,6.18E+00,6.18
20100405,5.14E-05,5.14E+00,5.14
20100406,7.27E-05,7.27E+00,7.27
20100407,5.50E-05,5.50E+00,5.5
20100408,7.59E-05,7.59E+00,7.59
20100409,5.25E-05,5.25E+00,5.25
20100412,9.53E-05,9.53E+00,9.53
20100413,0.000123738,1.24E+01,12.3738
20100414,5.63E-05,5.63E+00,5.63
20100415,6.14E-05,6.14E+00,6.14
20100416,6.98E-05,6.98E+00,6.98
20100419,0.000159699,1.60E+01,15.9699
20100420,0.000102981,1.03E+01,10.2981
20100421,5.91E-05,5.91E+00,5.91
20100422,0.000227991,2.28E+01,22.7991
20100423,8.38E-05,8.38E+00,8.38
20100426,6.48E-05,6.48E+00,6.48
20100427,8.74E-05,8.74E+00,8.74
20100428,0.000103484,1.03E+01,10.3484
20100429,8.12E-05,8.12E+00,8.12
20100430,7.62E-05,7.62E+00,7.62
20100503,4.95E-05,4.95E+00,4.95
20100504,0.00013816,1.38E+01,13.816
20100505,0.000232306,2.32E+01,23.2306
20100506,0.000301462,3.01E+01,30.1462
20100507,0.000354434,3.54E+01,35.4434
20100510,0.000392549,3.93E+01,39.2549
20100511,0.000177631,1.78E+01,17.7631
20100512,0.00012932,1.29E+01,12.932
20100513,0.000207416,2.07E+01,20.7416
20100514,0.000155486,1.55E+01,15.5486
20100517,0.000247723,2.48E+01,24.7723
20100518,0.00013965,1.40E+01,13.965
20100519,0.000213504,2.14E+01,21.3504
20100520,0.000353371,3.53E+01,35.3371
20100521,0.000537605,5.38E+01,53.7605
20100524,0.000255102,2.55E+01,25.5102
20100525,0.000261249,2.61E+01,26.1249
20100526,0.000170261,1.70E+01,17.0261
20100527,0.000149013,1.49E+01,14.9013
20100528,0.000135589,1.36E+01,13.5589
20100531,1.06E-05,1.06E+00,1.06
20100601,0.000261445,2.61E+01,26.1445
20100602,0.000231856,2.32E+01,23.1856
20100603,0.000117592,1.18E+01,11.7592
20100604,0.000379183,3.79E+01,37.9183
20100607,0.000247489,2.47E+01,24.7489
20100608,0.000331914,3.32E+01,33.1914
20100609,0.00014938,1.49E+01,14.938
20100610,0.000180725,1.81E+01,18.0725
20100611,0.000272211,2.72E+01,27.2211
20100614,0.000128658,1.29E+01,12.8658
20100615,0.000178454,1.78E+01,17.8454
20100616,8.32E-05,8.32E+00,8.32
20100617,0.00016547,1.65E+01,16.547
20100618,9.17E-05,9.17E+00,9.17
20100621,7.17E-05,7.17E+00,7.17
20100622,0.000151841,1.52E+01,15.1841
20100623,0.000121569,1.22E+01,12.1569
20100624,0.000115661,1.16E+01,11.5661
20100625,0.000158125,1.58E+01,15.8125
20100628,0.000106655,1.07E+01,10.6655
20100629,0.00015394,1.54E+01,15.394
20100630,0.00013187,1.32E+01,13.187
20100701,0.000159995,1.60E+01,15.9995
20100702,0.000338353,3.38E+01,33.8353
20100705,1.83E-05,1.83E+00,1.83
20100706,0.000125143,1.25E+01,12.5143
20100707,0.000139814,1.40E+01,13.9814
20100708,9.29E-05,9.29E+00,9.29
20100709,7.27E-05,7.27E+00,7.27
20100712,0.000106207,1.06E+01,10.6207
20100713,0.000156312,1.56E+01,15.6312
20100714,8.08E-05,8.08E+00,8.08
20100715,0.000138013,1.38E+01,13.8013
20100716,0.000131582,1.32E+01,13.1582
20100719,0.000137435,1.37E+01,13.7435
20100720,0.000141178,1.41E+01,14.1178
20100721,8.69E-05,8.69E+00,8.69
20100722,0.000103913,1.04E+01,10.3913
20100723,9.26E-05,9.26E+00,9.26
20100726,9.78E-05,9.78E+00,9.78
20100727,7.77E-05,7.77E+00,7.77
20100728,0.000144711,1.45E+01,14.4711
20100729,0.00025593,2.56E+01,25.593
20100730,0.000139866,1.40E+01,13.9866
20100802,8.72E-05,8.72E+00,8.72
20100803,9.32E-05,9.32E+00,9.32
20100804,8.22E-05,8.22E+00,8.22
20100805,6.88E-05,6.88E+00,6.88
20100806,0.00020517,2.05E+01,20.517
20100809,7.85E-05,7.85E+00,7.85
20100810,0.000116343,1.16E+01,11.6343
20100811,6.56E-05,6.56E+00,6.56
20100812,0.000128348,1.28E+01,12.8348
20100813,9.87E-05,9.87E+00,9.87
20100816,0.00011814,1.18E+01,11.814
20100817,0.000114646,1.15E+01,11.4646
20100818,0.000122991,1.23E+01,12.2991
20100819,0.000133677,1.34E+01,13.3677
20100820,0.000120032,1.20E+01,12.0032
20100823,7.59E-05,7.59E+00,7.59
20100824,6.73E-05,6.73E+00,6.73
20100825,0.000114838,1.15E+01,11.4838
20100826,0.000181924,1.82E+01,18.1924
20100827,0.000125737,1.26E+01,12.5737
20100830,6.36E-05,6.36E+00,6.36
20100831,0.000155585,1.56E+01,15.5585
20100901,0.000122786,1.23E+01,12.2786
20100902,0.000109077,1.09E+01,10.9077
20100903,0.000174569,1.75E+01,17.4569
20100906,3.30E-05,3.30E+00,3.3
20100907,0.000119831,1.20E+01,11.9831
20100908,0.00010721,1.07E+01,10.721
20100909,9.78E-05,9.78E+00,9.78
20100910,0.000139701,1.40E+01,13.9701
20100913,7.25E-05,7.25E+00,7.25
20100914,7.73E-05,7.73E+00,7.73
20100915,0.000108649,1.09E+01,10.8649
20100916,9.65E-05,9.65E+00,9.65
20100917,8.41E-05,8.41E+00,8.41
20100920,8.73E-05,8.73E+00,8.73
20100921,0.000132504,1.33E+01,13.2504
20100922,8.14E-05,8.14E+00,8.14
20100923,9.86E-05,9.86E+00,9.86
20100924,9.28E-05,9.28E+00,9.28
20100927,0.000131653,1.32E+01,13.1653
20100928,0.000103111,1.03E+01,10.3111
20100929,6.79E-05,6.79E+00,6.79
20100930,0.000121251,1.21E+01,12.1251
20101001,5.04E-05,5.04E+00,5.04
20101004,0.000100684,1.01E+01,10.0684
20101005,7.26E-05,7.26E+00,7.26
20101006,5.66E-05,5.66E+00,5.66
20101007,0.000142091,1.42E+01,14.2091
20101008,0.000245018,2.45E+01,24.5018
20101011,0.000110234,1.10E+01,11.0234
20101012,0.000121998,1.22E+01,12.1998
20101013,5.67E-05,5.67E+00,5.67
20101014,0.00010435,1.04E+01,10.435
20101015,0.000147355,1.47E+01,14.7355
20101018,9.72E-05,9.72E+00,9.72
20101019,0.000202882,2.03E+01,20.2882
20101020,9.98E-05,9.98E+00,9.98
20101021,0.000107606,1.08E+01,10.7606
20101022,0.000145581,1.46E+01,14.5581
20101025,9.87E-05,9.87E+00,9.87
20101026,7.68E-05,7.68E+00,7.68
20101027,5.50E-05,5.50E+00,5.5
20101028,5.14E-05,5.14E+00,5.14
20101029,6.47E-05,6.47E+00,6.47
20101101,0.000237169,2.37E+01,23.7169
20101102,8.37E-05,8.37E+00,8.37
20101103,8.37E-05,8.37E+00,8.37
20101104,8.59E-05,8.59E+00,8.59
20101105,7.97E-05,7.97E+00,7.97
20101108,7.25E-05,7.25E+00,7.25
20101109,5.40E-05,5.40E+00,5.4
20101110,8.96E-05,8.96E+00,8.96
20101111,5.26E-05,5.26E+00,5.26
20101112,0.000128785,1.29E+01,12.8785
20101115,6.67E-05,6.67E+00,6.67
20101116,9.52E-05,9.52E+00,9.52
20101117,0.000119722,1.20E+01,11.9722
20101118,6.66E-05,6.66E+00,6.66
20101119,0.000162603,1.63E+01,16.2603
20101122,7.81E-05,7.81E+00,7.81
20101123,0.000121425,1.21E+01,12.1425
20101124,9.39E-05,9.39E+00,9.39
20101125,3.78E-05,3.78E+00,3.78
20101126,6.96E-05,6.96E+00,6.96
20101129,8.69E-05,8.69E+00,8.69
20101130,8.04E-05,8.04E+00,8.04
20101201,6.31E-05,6.31E+00,6.31
20101202,9.74E-05,9.74E+00,9.74
20101203,0.000131208,1.31E+01,13.1208
20101206,8.55E-05,8.55E+00,8.55
20101207,8.17E-05,8.17E+00,8.17
20101208,7.88E-05,7.88E+00,7.88
20101209,0.00011713,1.17E+01,11.713
20101210,7.45E-05,7.45E+00,7.45
20101213,5.04E-05,5.04E+00,5.04
20101214,7.93E-05,7.93E+00,7.93
20101215,0.000119111,1.19E+01,11.9111
20101216,5.37E-05,5.37E+00,5.37
20101217,5.02E-05,5.02E+00,5.02
20101220,2.67E-05,2.67E+00,2.67
20101221,6.41E-05,6.41E+00,6.41
20101222,2.52E-05,2.52E+00,2.52
20101223,2.69E-05,2.69E+00,2.69
20101227,2.93E-05,2.93E+00,2.93
20101228,2.20E-05,2.20E+00,2.2
20101229,2.19E-05,2.19E+00,2.19
20101230,5.66E-05,5.66E+00,5.66
20101231,6.67E-05,6.67E+00,6.67
20110103,6.30E-05,6.30E+00,6.3
20110104,7.13E-05,7.13E+00,7.13
20110105,9.99E-05,9.99E+00,9.99
20110106,8.13E-05,8.13E+00,8.13
20110107,0.000118682,1.19E+01,11.8682
20110110,0.000155707,1.56E+01,15.5707
20110111,5.67E-05,5.67E+00,5.67
20110112,6.03E-05,6.03E+00,6.03
20110113,5.63E-05,5.63E+00,5.63
20110114,5.92E-05,5.92E+00,5.92
20110117,2.77E-05,2.77E+00,2.77
20110118,6.41E-05,6.41E+00,6.41
20110119,4.33E-05,4.33E+00,4.33
20110120,0.000117558,1.18E+01,11.7558
20110121,6.57E-05,6.57E+00,6.57
20110124,0.000105328,1.05E+01,10.5328
20110125,8.11E-05,8.11E+00,8.11
20110126,6.31E-05,6.31E+00,6.31
20110127,8.29E-05,8.29E+00,8.29
20110128,0.000116267,1.16E+01,11.6267
20110131,0.000223668,2.24E+01,22.3668
20110201,0.000107006,1.07E+01,10.7006
20110202,8.12E-05,8.12E+00,8.12
20110203,8.98E-05,8.98E+00,8.98
20110204,0.000115244,1.15E+01,11.5244
20110207,0.000113789,1.14E+01,11.3789
20110208,0.000132916,1.33E+01,13.2916
20110209,8.62E-05,8.62E+00,8.62
20110210,0.000163457,1.63E+01,16.3457
20110211,0.000103792,1.04E+01,10.3792
20110214,0.000103945,1.04E+01,10.3945
20110215,6.18E-05,6.18E+00,6.18
20110216,3.77E-05,3.77E+00,3.77
20110217,8.06E-05,8.06E+00,8.06
20110218,7.46E-05,7.46E+00,7.46
20110221,0.000125551,1.26E+01,12.5551
20110222,0.000387208,3.87E+01,38.7208
20110223,0.000169622,1.70E+01,16.9622
20110224,0.000489278,4.89E+01,48.9278
20110225,0.000359612,3.60E+01,35.9612
20110228,0.000234597,2.35E+01,23.4597
20110301,0.000113761,1.14E+01,11.3761
20110302,0.000148935,1.49E+01,14.8935
20110303,0.000123768,1.24E+01,12.3768
20110304,7.78E-05,7.78E+00,7.78
20110307,0.000171559,1.72E+01,17.1559
20110308,0.000214059,2.14E+01,21.4059
20110309,7.97E-05,7.97E+00,7.97
20110310,0.000226088,2.26E+01,22.6088
20110311,0.000279064,2.79E+01,27.9064
20110314,0.000214091,2.14E+01,21.4091
20110315,0.000341644,3.42E+01,34.1644
20110316,0.000131648,1.32E+01,13.1648
20110317,9.53E-05,9.53E+00,9.53
20110318,0.000598136,5.98E+01,59.8136
20110321,0.000128444,1.28E+01,12.8444
20110322,0.000109779,1.10E+01,10.9779
20110323,9.16E-05,9.16E+00,9.16
20110324,8.52E-05,8.52E+00,8.52
20110325,8.58E-05,8.58E+00,8.58
20110328,7.17E-05,7.17E+00,7.17
20110329,6.66E-05,6.66E+00,6.66
20110330,4.01E-05,4.01E+00,4.01
20110331,0.000104316,1.04E+01,10.4316
20110401,9.75E-05,9.75E+00,9.75
20110404,6.14E-05,6.14E+00,6.14
20110405,5.75E-05,5.75E+00,5.75
20110406,4.88E-05,4.88E+00,4.88
20110407,3.71E-05,3.71E+00,3.71
20110408,3.02E-05,3.02E+00,3.02
20110411,6.24E-05,6.24E+00,6.24
20110412,0.000224413,2.24E+01,22.4413
20110413,0.000135379,1.35E+01,13.5379
20110414,0.000175824,1.76E+01,17.5824
20110415,8.69E-05,8.69E+00,8.69
20110418,0.000130197,1.30E+01,13.0197
20110419,0.000137764,1.38E+01,13.7764
20110420,4.93E-05,4.93E+00,4.93
20110421,6.61E-05,6.61E+00,6.61
20110425,6.44E-05,6.44E+00,6.44
20110426,5.57E-05,5.57E+00,5.57
20110427,3.53E-05,3.53E+00,3.53
20110428,5.95E-05,5.95E+00,5.95
20110429,4.41E-05,4.41E+00,4.41
20110502,0.000209573,2.10E+01,20.9573
20110503,0.000125942,1.26E+01,12.5942
20110504,8.74E-05,8.74E+00,8.74
20110505,0.000229567,2.30E+01,22.9567
20110506,0.002014515,2.01E+02,201.4515
20110509,0.00022288,2.23E+01,22.288
20110510,0.000230906,2.31E+01,23.0906
20110511,0.000269568,2.70E+01,26.9568
20110512,0.000744659,7.45E+01,74.4659
20110513,0.000219152,2.19E+01,21.9152
20110516,0.000158707,1.59E+01,15.8707
20110517,0.000128363,1.28E+01,12.8363
20110518,0.000137509,1.38E+01,13.7509
20110519,9.99E-05,9.99E+00,9.99
20110520,0.000237142,2.37E+01,23.7142
20110523,0.000218935,2.19E+01,21.8935
20110524,9.31E-05,9.31E+00,9.31
20110525,0.000144245,1.44E+01,14.4245
20110526,0.000124689,1.25E+01,12.4689
20110527,5.50E-05,5.50E+00,5.5
20110530,1.13E-05,1.13E+00,1.13
20110531,0.000108645,1.09E+01,10.8645
20110601,9.88E-05,9.88E+00,9.88
20110602,0.000102349,1.02E+01,10.2349
20110603,0.000203746,2.04E+01,20.3746
20110606,0.000101611,1.02E+01,10.1611
20110607,0.000109321,1.09E+01,10.9321
20110608,0.000225364,2.25E+01,22.5364
20110609,9.48E-05,9.48E+00,9.48
20110610,0.000103245,1.03E+01,10.3245
20110613,0.000119133,1.19E+01,11.9133
20110614,0.000127322,1.27E+01,12.7322
20110615,0.000110126,1.10E+01,11.0126
20110616,0.000224631,2.25E+01,22.4631
20110617,0.000338446,3.38E+01,33.8446
20110620,0.000119949,1.20E+01,11.9949
20110621,9.61E-05,9.61E+00,9.61
20110622,0.000122291,1.22E+01,12.2291
20110623,0.000374116,3.74E+01,37.4116
20110624,0.000181483,1.81E+01,18.1483
20110627,0.00015357,1.54E+01,15.357
20110628,0.000154599,1.55E+01,15.4599
20110629,0.000175888,1.76E+01,17.5888
20110630,0.000135544,1.36E+01,13.5544
20110701,0.000125978,1.26E+01,12.5978
20110704,2.70E-05,2.70E+00,2.7
20110705,0.000101598,1.02E+01,10.1598
20110706,0.00012691,1.27E+01,12.691
20110707,0.000113016,1.13E+01,11.3016
20110708,0.000295276,2.95E+01,29.5276
20110711,0.000146533,1.47E+01,14.6533
20110712,0.000135563,1.36E+01,13.5563
20110713,9.81E-05,9.81E+00,9.81
20110714,0.000125484,1.25E+01,12.5484
20110715,0.00010529,1.05E+01,10.529
20110718,9.50E-05,9.50E+00,9.5
20110719,0.000118077,1.18E+01,11.8077
20110720,7.60E-05,7.60E+00,7.6
20110721,0.000144157,1.44E+01,14.4157
20110722,5.24E-05,5.24E+00,5.24
20110725,9.32E-05,9.32E+00,9.32
20110726,0.000101411,1.01E+01,10.1411
20110727,6.84E-05,6.84E+00,6.84
20110728,0.000115837,1.16E+01,11.5837
20110729,0.000155795,1.56E+01,15.5795
20110801,0.000165758,1.66E+01,16.5758
20110802,0.000105341,1.05E+01,10.5341
20110803,0.000138935,1.39E+01,13.8935
20110804,0.000199444,1.99E+01,19.9444
20110805,0.001767971,1.77E+02,176.7971
20110808,0.00039388,3.94E+01,39.388
20110809,0.001188481,1.19E+02,118.8481
20110810,0.000456723,4.57E+01,45.6723
20110811,0.000801282,8.01E+01,80.1282
20110812,0.000349696,3.50E+01,34.9696
20110815,0.000233043,2.33E+01,23.3043
20110816,0.000161528,1.62E+01,16.1528
20110817,0.000137677,1.38E+01,13.7677
20110818,0.000251147,2.51E+01,25.1147
20110819,0.000835646,8.36E+01,83.5646
20110822,0.0002187,2.19E+01,21.87
20110823,0.000305605,3.06E+01,30.5605
20110824,0.00016701,1.67E+01,16.701
20110825,0.000199076,1.99E+01,19.9076
20110826,0.000203308,2.03E+01,20.3308
20110829,0.000124632,1.25E+01,12.4632
20110830,0.000138071,1.38E+01,13.8071
20110831,0.000194484,1.94E+01,19.4484
20110901,0.000109975,1.10E+01,10.9975
20110902,0.000268851,2.69E+01,26.8851
20110905,8.38E-05,8.38E+00,8.38
20110906,0.000254674,2.55E+01,25.4674
20110907,0.00020474,2.05E+01,20.474
20110908,0.000200916,2.01E+01,20.0916
20110909,0.000276354,2.76E+01,27.6354
20110912,0.000210437,2.10E+01,21.0437
20110913,0.000245841,2.46E+01,24.5841
20110914,0.000109677,1.10E+01,10.9677
20110915,0.000208115,2.08E+01,20.8115
20110916,0.000140033,1.40E+01,14.0033
20110919,0.000139678,1.40E+01,13.9678
20110920,0.00016112,1.61E+01,16.112
20110921,0.000142986,1.43E+01,14.2986
20110922,0.000417024,4.17E+01,41.7024
20110923,0.000850053,8.50E+01,85.0053
20110926,0.000436436,4.36E+01,43.6436
20110927,0.000254965,2.55E+01,25.4965
20110928,0.000206712,2.07E+01,20.6712
20110929,0.000384222,3.84E+01,38.4222
20110930,0.000315638,3.16E+01,31.5638
20111003,0.000342186,3.42E+01,34.2186
20111004,0.000276409,2.76E+01,27.6409
20111005,0.000244409,2.44E+01,24.4409
20111006,0.000468987,4.69E+01,46.8987
20111007,0.000336055,3.36E+01,33.6055
20111010,0.000128127,1.28E+01,12.8127
20111011,0.000195327,1.95E+01,19.5327
20111012,0.000145639,1.46E+01,14.5639
20111013,0.000203726,2.04E+01,20.3726
20111014,0.000184602,1.85E+01,18.4602
20111017,0.00015923,1.59E+01,15.923
20111018,0.000147659,1.48E+01,14.7659
20111019,0.000114682,1.15E+01,11.4682
20111020,0.000330821,3.31E+01,33.0821
20111021,0.000182297,1.82E+01,18.2297
20111024,0.000129729,1.30E+01,12.9729
20111025,0.000272178,2.72E+01,27.2178
20111026,0.000193749,1.94E+01,19.3749
20111027,0.000160851,1.61E+01,16.0851
20111028,0.00014718,1.47E+01,14.718
20111031,0.000149797,1.50E+01,14.9797
20111101,0.000301415,3.01E+01,30.1415
20111102,0.00020208,2.02E+01,20.208
20111103,0.000260058,2.60E+01,26.0058
20111104,0.000205862,2.06E+01,20.5862
20111107,0.000201074,2.01E+01,20.1074
20111108,6.93E-05,6.93E+00,6.93
20111109,0.000198379,1.98E+01,19.8379
20111110,0.000223924,2.24E+01,22.3924
20111111,0.000108562,1.09E+01,10.8562
20111114,0.00015867,1.59E+01,15.867
20111115,9.85E-05,9.85E+00,9.85
20111116,0.000195086,1.95E+01,19.5086
20111117,0.000189544,1.90E+01,18.9544
20111118,0.000164548,1.65E+01,16.4548
20111121,0.000128846,1.29E+01,12.8846
20111122,0.000113892,1.14E+01,11.3892
20111123,0.0002243,2.24E+01,22.43
20111124,4.82E-05,4.82E+00,4.82
20111125,0.0001376,1.38E+01,13.76
20111128,0.000109109,1.09E+01,10.9109
20111129,0.00019252,1.93E+01,19.252
20111130,0.00038188,3.82E+01,38.188
20111201,0.000113588,1.14E+01,11.3588
20111202,0.000164547,1.65E+01,16.4547
20111205,6.19E-05,6.19E+00,6.19
20111206,8.86E-05,8.86E+00,8.86
20111207,9.14E-05,9.14E+00,9.14
20111208,0.000146332,1.46E+01,14.6332
20111209,0.000151504,1.52E+01,15.1504
20111212,0.000161023,1.61E+01,16.1023
20111213,0.000318421,3.18E+01,31.8421
20111214,0.000171136,1.71E+01,17.1136
20111215,0.000123538,1.24E+01,12.3538
20111216,0.000145766,1.46E+01,14.5766
20111219,9.63E-05,9.63E+00,9.63
20111220,0.000110529,1.11E+01,11.0529
20111221,0.0001954,1.95E+01,19.54
20111222,8.44E-05,8.44E+00,8.44
20111223,4.38E-05,4.38E+00,4.38
20111227,3.79E-05,3.79E+00,3.79
20111228,5.85E-05,5.85E+00,5.85
20111229,7.39E-05,7.39E+00,7.39
20111230,9.65E-05,9.65E+00,9.65
20120103,6.57E-05,6.57E+00,6.57
20120104,0.000143707,1.44E+01,14.3707
20120105,9.71E-05,9.71E+00,9.71
20120106,9.59E-05,9.59E+00,9.59
20120109,8.57E-05,8.57E+00,8.57
20120110,8.73E-05,8.73E+00,8.73
20120111,7.67E-05,7.67E+00,7.67
20120112,0.000128747,1.29E+01,12.8747
20120113,0.000210647,2.11E+01,21.0647
20120116,4.08E-05,4.08E+00,4.08
20120117,6.35E-05,6.35E+00,6.35
20120118,0.000133045,1.33E+01,13.3045
20120119,7.65E-05,7.65E+00,7.65
20120120,0.000149231,1.49E+01,14.9231
20120123,0.000111327,1.11E+01,11.1327
20120124,0.000104949,1.05E+01,10.4949
20120125,7.37E-05,7.37E+00,7.37
20120126,9.15E-05,9.15E+00,9.15
20120127,7.26E-05,7.26E+00,7.26
20120130,6.02E-05,6.02E+00,6.02
20120131,0.000114934,1.15E+01,11.4934
20120201,8.06E-05,8.06E+00,8.06
20120202,0.000123948,1.24E+01,12.3948
20120203,0.000130241,1.30E+01,13.0241
20120206,0.000131392,1.31E+01,13.1392
20120207,7.63E-05,7.63E+00,7.63
20120208,4.43E-05,4.43E+00,4.43
20120209,7.91E-05,7.91E+00,7.91
20120210,0.000108666,1.09E+01,10.8666
20120213,8.05E-05,8.05E+00,8.05
20120214,6.42E-05,6.42E+00,6.42
20120215,7.99E-05,7.99E+00,7.99
20120216,5.27E-05,5.27E+00,5.27
20120217,3.48E-05,3.48E+00,3.48
20120220,3.78E-05,3.78E+00,3.78
20120221,5.29E-05,5.29E+00,5.29
20120222,4.05E-05,4.05E+00,4.05
20120223,5.25E-05,5.25E+00,5.25
20120224,6.19E-05,6.19E+00,6.19
20120227,5.42E-05,5.42E+00,5.42
20120228,0.00011489,1.15E+01,11.489
20120229,6.56E-05,6.56E+00,6.56
20120301,5.79E-05,5.79E+00,5.79
20120302,4.66E-05,4.66E+00,4.66
20120305,8.88E-05,8.88E+00,8.88
20120306,7.99E-05,7.99E+00,7.99
20120307,5.14E-05,5.14E+00,5.14
20120308,5.45E-05,5.45E+00,5.45
20120309,7.77E-05,7.77E+00,7.77
20120312,5.03E-05,5.03E+00,5.03
20120313,8.19E-05,8.19E+00,8.19
20120314,6.17E-05,6.17E+00,6.17
20120315,8.33E-05,8.33E+00,8.33
20120316,7.21E-05,7.21E+00,7.21
20120319,7.23E-05,7.23E+00,7.23
20120320,0.000117561,1.18E+01,11.7561
20120321,5.53E-05,5.53E+00,5.53
20120322,0.000101629,1.02E+01,10.1629
20120323,0.000701621,7.02E+01,70.1621
20120326,5.20E-05,5.20E+00,5.2
20120327,4.88E-05,4.88E+00,4.88
20120328,6.76E-05,6.76E+00,6.76
20120329,4.48E-05,4.48E+00,4.48
20120330,5.34E-05,5.34E+00,5.34
20120402,6.30E-05,6.30E+00,6.3
20120403,3.11E-05,3.11E+00,3.11
20120404,4.23E-05,4.23E+00,4.23
20120405,4.90E-05,4.90E+00,4.9
20120409,3.46E-05,3.46E+00,3.46
20120410,7.24E-05,7.24E+00,7.24
20120411,5.73E-05,5.73E+00,5.73
20120412,5.42E-05,5.42E+00,5.42
20120413,4.70E-05,4.70E+00,4.7
20120416,4.77E-05,4.77E+00,4.77
20120417,6.59E-05,6.59E+00,6.59
20120418,5.07E-05,5.07E+00,5.07
20120419,5.55E-05,5.55E+00,5.55
20120420,4.55E-05,4.55E+00,4.55
20120423,4.04E-05,4.04E+00,4.04
20120424,3.97E-05,3.97E+00,3.97
20120425,5.71E-05,5.71E+00,5.71
20120426,4.21E-05,4.21E+00,4.21
20120427,3.74E-05,3.74E+00,3.74
20120430,2.50E-05,2.50E+00,2.5
20120501,1.83E-05,1.83E+00,1.83
20120502,2.27E-05,2.27E+00,2.27
20120503,6.47E-05,6.47E+00,6.47
20120504,8.97E-05,8.97E+00,8.97
20120507,0.000105864,1.06E+01,10.5864
20120508,6.73E-05,6.73E+00,6.73
20120509,8.30E-05,8.30E+00,8.3
20120510,7.15E-05,7.15E+00,7.15
20120511,4.41E-05,4.41E+00,4.41
20120514,0.000135518,1.36E+01,13.5518
20120515,0.000101561,1.02E+01,10.1561
20120516,9.69E-05,9.69E+00,9.69
20120517,0.000122463,1.22E+01,12.2463
20120518,5.40E-05,5.40E+00,5.4
20120521,5.99E-05,5.99E+00,5.99
20120522,6.20E-05,6.20E+00,6.2
20120523,4.54E-05,4.54E+00,4.54
20120524,8.56E-05,8.56E+00,8.56
20120525,5.90E-05,5.90E+00,5.9
20120528,3.50E-05,3.50E+00,3.5
20120529,3.83E-05,3.83E+00,3.83
20120530,0.000126679,1.27E+01,12.6679
20120531,9.24E-05,9.24E+00,9.24
20120601,0.000455475,4.55E+01,45.5475
20120604,0.000245366,2.45E+01,24.5366
20120605,0.000217445,2.17E+01,21.7445
20120606,0.000133925,1.34E+01,13.3925
20120607,0.000195136,1.95E+01,19.5136
20120608,0.000144995,1.45E+01,14.4995
20120611,0.000101474,1.01E+01,10.1474
20120612,0.00017512,1.75E+01,17.512
20120613,0.000128217,1.28E+01,12.8217
20120614,0.000111542,1.12E+01,11.1542
20120615,9.86E-05,9.86E+00,9.86
20120618,0.000127774,1.28E+01,12.7774
20120619,0.000126006,1.26E+01,12.6006
20120620,8.87E-05,8.87E+00,8.87
20120621,0.000153394,1.53E+01,15.3394
20120622,0.00013934,1.39E+01,13.934
20120625,0.000103082,1.03E+01,10.3082
20120626,9.61E-05,9.61E+00,9.61
20120627,0.000131847,1.32E+01,13.1847
20120628,0.000132276,1.32E+01,13.2276
20120629,0.000204147,2.04E+01,20.4147
20120702,0.0001336,1.34E+01,13.36
20120703,0.000298599,2.99E+01,29.8599
20120704,6.55E-05,6.55E+00,6.55
20120705,0.000229609,2.30E+01,22.9609
20120706,0.00017685,1.77E+01,17.685
20120709,0.000101684,1.02E+01,10.1684
20120710,0.000123215,1.23E+01,12.3215
20120711,8.64E-05,8.64E+00,8.64
20120712,8.86E-05,8.86E+00,8.86
20120713,9.19E-05,9.19E+00,9.19
20120716,6.86E-05,6.86E+00,6.86
20120717,6.33E-05,6.33E+00,6.33
20120718,6.19E-05,6.19E+00,6.19
20120719,5.17E-05,5.17E+00,5.17
20120720,6.20E-05,6.20E+00,6.2
20120723,0.0001508,1.51E+01,15.08
20120724,0.000132268,1.32E+01,13.2268
20120725,7.23E-05,7.23E+00,7.23
20120726,0.000199169,1.99E+01,19.9169
20120727,0.000111357,1.11E+01,11.1357
20120730,6.77E-05,6.77E+00,6.77
20120731,7.94E-05,7.94E+00,7.94
20120801,6.95E-05,6.95E+00,6.95
20120802,0.000347522,3.48E+01,34.7522
20120803,0.000271449,2.71E+01,27.1449
20120806,7.85E-05,7.85E+00,7.85
20120807,4.68E-05,4.68E+00,4.68
20120808,6.99E-05,6.99E+00,6.99
20120809,8.94E-05,8.94E+00,8.94
20120810,8.64E-05,8.64E+00,8.64
20120813,0.000120712,1.21E+01,12.0712
20120814,8.89E-05,8.89E+00,8.89
20120815,6.65E-05,6.65E+00,6.65
20120816,5.52E-05,5.52E+00,5.52
20120817,3.16E-05,3.16E+00,3.16
20120820,4.40E-05,4.40E+00,4.4
20120821,0.000104373,1.04E+01,10.4373
20120822,4.44E-05,4.44E+00,4.44
20120823,4.90E-05,4.90E+00,4.9
20120824,6.77E-05,6.77E+00,6.77
20120827,0.000282549,2.83E+01,28.2549
20120828,9.81E-05,9.81E+00,9.81
20120829,5.36E-05,5.36E+00,5.36
20120830,2.69E-05,2.69E+00,2.69
20120831,0.000113359,1.13E+01,11.3359
20120903,1.59E-05,1.59E+00,1.59
20120904,7.85E-05,7.85E+00,7.85
20120905,0.000150531,1.51E+01,15.0531
20120906,0.000140523,1.41E+01,14.0523
20120907,0.000171464,1.71E+01,17.1464
20120910,7.41E-05,7.41E+00,7.41
20120911,4.50E-05,4.50E+00,4.5
20120912,0.000118423,1.18E+01,11.8423
20120913,7.10E-05,7.10E+00,7.1
20120914,9.41E-05,9.41E+00,9.41
20120917,3.37E-05,3.37E+00,3.37
20120918,7.97E-05,7.97E+00,7.97
20120919,0.000205078,2.05E+01,20.5078
20120920,9.73E-05,9.73E+00,9.73
20120921,8.31E-05,8.31E+00,8.31
20120924,9.93E-05,9.93E+00,9.93
20120925,5.64E-05,5.64E+00,5.64
20120926,6.60E-05,6.60E+00,6.6
20120927,5.68E-05,5.68E+00,5.68
20120928,6.46E-05,6.46E+00,6.46
20121001,9.93E-05,9.93E+00,9.93
20121002,5.27E-05,5.27E+00,5.27
20121003,5.62E-05,5.62E+00,5.62
20121004,7.32E-05,7.32E+00,7.32
20121005,0.000172062,1.72E+01,17.2062
20121008,7.91E-05,7.91E+00,7.91
20121009,8.42E-05,8.42E+00,8.42
20121010,8.30E-05,8.30E+00,8.3
20121011,7.32E-05,7.32E+00,7.32
20121012,7.64E-05,7.64E+00,7.64
20121015,0.000116945,1.17E+01,11.6945
20121016,8.45E-05,8.45E+00,8.45
20121017,4.80E-05,4.80E+00,4.8
20121018,6.91E-05,6.91E+00,6.91
20121019,5.04E-05,5.04E+00,5.04
20121022,7.89E-05,7.89E+00,7.89
20121023,0.000121295,1.21E+01,12.1295
20121024,0.000118819,1.19E+01,11.8819
20121025,7.45E-05,7.45E+00,7.45
20121026,0.000128707,1.29E+01,12.8707
20121029,6.88E-05,6.88E+00,6.88
20121030,5.64E-05,5.64E+00,5.64
20121031,5.35E-05,5.35E+00,5.35
20121101,6.02E-05,6.02E+00,6.02
20121102,8.31E-05,8.31E+00,8.31
20121105,7.15E-05,7.15E+00,7.15
20121106,5.51E-05,5.51E+00,5.51
20121107,0.000141293,1.41E+01,14.1293
20121108,0.000108669,1.09E+01,10.8669
20121109,8.66E-05,8.66E+00,8.66
20121112,0.000121483,1.21E+01,12.1483
20121113,9.94E-05,9.94E+00,9.94
20121114,8.09E-05,8.09E+00,8.09
20121115,7.58E-05,7.58E+00,7.58
20121116,9.65E-05,9.65E+00,9.65
20121119,5.21E-05,5.21E+00,5.21
20121120,6.01E-05,6.01E+00,6.01
20121121,0.000130642,1.31E+01,13.0642
20121122,2.21E-05,2.21E+00,2.21
20121123,2.17E-05,2.17E+00,2.17
20121126,5.56E-05,5.56E+00,5.56
20121127,4.35E-05,4.35E+00,4.35
20121128,7.23E-05,7.23E+00,7.23
20121129,7.43E-05,7.43E+00,7.43
20121130,5.98E-05,5.98E+00,5.98
20121203,7.08E-05,7.08E+00,7.08
20121204,0.000113917,1.14E+01,11.3917
20121205,4.85E-05,4.85E+00,4.85
20121206,9.70E-05,9.70E+00,9.7
20121207,0.000107212,1.07E+01,10.7212
20121210,4.63E-05,4.63E+00,4.63
20121211,4.83E-05,4.83E+00,4.83
20121212,7.36E-05,7.36E+00,7.36
20121213,6.44E-05,6.44E+00,6.44
20121214,5.46E-05,5.46E+00,5.46
20121217,4.42E-05,4.42E+00,4.42
20121218,2.40E-05,2.40E+00,2.4
20121219,2.30E-05,2.30E+00,2.3
20121220,9.03E-05,9.03E+00,9.03
20121221,0.000122394,1.22E+01,12.2394
20121224,3.32E-05,3.32E+00,3.32
20121226,8.39E-05,8.39E+00,8.39
20121227,4.41E-05,4.41E+00,4.41
20121228,3.34E-05,3.34E+00,3.34
20121231,3.64E-05,3.64E+00,3.64
20130102,5.95E-05,5.95E+00,5.95
20130103,5.38E-05,5.38E+00,5.38
20130104,6.20E-05,6.20E+00,6.2
20130107,2.43E-05,2.43E+00,2.43
20130108,3.68E-05,3.68E+00,3.68
20130109,2.86E-05,2.86E+00,2.86
20130110,6.98E-05,6.98E+00,6.98
20130111,6.72E-05,6.72E+00,6.72
20130114,4.77E-05,4.77E+00,4.77
20130115,3.84E-05,3.84E+00,3.84
20130116,2.80E-05,2.80E+00,2.8
20130117,2.70E-05,2.70E+00,2.7
20130118,2.89E-05,2.89E+00,2.89
20130121,1.02E-05,1.02E+00,1.02
20130122,4.28E-05,4.28E+00,4.28
20130123,2.59E-05,2.59E+00,2.59
20130124,3.36E-05,3.36E+00,3.36
20130125,2.29E-05,2.29E+00,2.29
20130128,4.00E-05,4.00E+00,4
20130129,4.80E-05,4.80E+00,4.8
20130130,4.83E-05,4.83E+00,4.83
20130131,4.97E-05,4.97E+00,4.97
20130201,6.00E-05,6.00E+00,6
20130204,4.05E-05,4.05E+00,4.05
20130205,2.38E-05,2.38E+00,2.38
20130206,3.24E-05,3.24E+00,3.24
20130207,4.61E-05,4.61E+00,4.61
20130208,3.02E-05,3.02E+00,3.02
20130211,6.02E-05,6.02E+00,6.02
20130212,3.98E-05,3.98E+00,3.98
20130213,2.78E-05,2.78E+00,2.78
20130214,2.14E-05,2.14E+00,2.14
20130215,0.000112436,1.12E+01,11.2436
20130218,1.72E-05,1.72E+00,1.72
20130219,3.44E-05,3.44E+00,3.44
20130220,3.33E-05,3.33E+00,3.33
20130221,9.63E-05,9.63E+00,9.63
20130222,5.88E-05,5.88E+00,5.88
20130225,6.93E-05,6.93E+00,6.93
20130226,6.50E-05,6.50E+00,6.5
20130227,2.61E-05,2.61E+00,2.61
20130228,4.18E-05,4.18E+00,4.18
20130301,5.88E-05,5.88E+00,5.88
20130304,3.88E-05,3.88E+00,3.88
20130305,3.32E-05,3.32E+00,3.32
20130306,3.56E-05,3.56E+00,3.56
20130307,4.31E-05,4.31E+00,4.31
20130308,9.11E-05,9.11E+00,9.11
20130311,4.51E-05,4.51E+00,4.51
20130312,0.000589485,5.89E+01,58.9485
20130313,5.59E-05,5.59E+00,5.59
20130314,4.93E-05,4.93E+00,4.93
20130315,3.61E-05,3.61E+00,3.61
20130318,0.000100107,1.00E+01,10.0107
20130319,3.77E-05,3.77E+00,3.77
20130320,5.82E-05,5.82E+00,5.82
20130321,3.66E-05,3.66E+00,3.66
20130322,3.04E-05,3.04E+00,3.04
20130325,8.12E-05,8.12E+00,8.12
20130326,3.51E-05,3.51E+00,3.51
20130327,5.15E-05,5.15E+00,5.15
20130328,3.35E-05,3.35E+00,3.35
20130401,3.46E-05,3.46E+00,3.46
20130402,4.56E-05,4.56E+00,4.56
20130403,3.36E-05,3.36E+00,3.36
20130404,0.000102168,1.02E+01,10.2168
20130405,9.36E-05,9.36E+00,9.36
20130408,3.71E-05,3.71E+00,3.71
20130409,3.05E-05,3.05E+00,3.05
20130410,6.45E-05,6.45E+00,6.45
20130411,3.49E-05,3.49E+00,3.49
20130412,8.21E-05,8.21E+00,8.21
20130415,0.000167501,1.68E+01,16.7501
20130416,0.000174609,1.75E+01,17.4609
20130417,9.21E-05,9.21E+00,9.21
20130418,0.000113154,1.13E+01,11.3154
20130419,5.18E-05,5.18E+00,5.18
20130422,5.32E-05,5.32E+00,5.32
20130423,5.78E-05,5.78E+00,5.78
20130424,5.12E-05,5.12E+00,5.12
20130425,8.02E-05,8.02E+00,8.02
20130426,7.70E-05,7.70E+00,7.7
20130429,4.47E-05,4.47E+00,4.47
20130430,7.87E-05,7.87E+00,7.87
20130501,0.000124045,1.24E+01,12.4045
20130502,9.57E-05,9.57E+00,9.57
20130503,0.000122699,1.23E+01,12.2699
20130506,7.23E-05,7.23E+00,7.23
20130507,4.71E-05,4.71E+00,4.71
20130508,5.82E-05,5.82E+00,5.82
20130509,4.91E-05,4.91E+00,4.91
20130510,7.65E-05,7.65E+00,7.65
20130513,7.89E-05,7.89E+00,7.89
20130514,6.87E-05,6.87E+00,6.87
20130515,7.69E-05,7.69E+00,7.69
20130516,6.96E-05,6.96E+00,6.96
20130517,6.56E-05,6.56E+00,6.56
20130520,4.49E-05,4.49E+00,4.49
20130521,4.67E-05,4.67E+00,4.67
20130522,0.000106549,1.07E+01,10.6549
20130523,9.48E-05,9.48E+00,9.48
20130524,7.40E-05,7.40E+00,7.4
20130527,1.69E-05,1.69E+00,1.69
20130528,5.58E-05,5.58E+00,5.58
20130529,7.09E-05,7.09E+00,7.09
20130530,0.000140804,1.41E+01,14.0804
20130531,6.81E-05,6.81E+00,6.81
20130603,0.000147147,1.47E+01,14.7147
20130604,4.85E-05,4.85E+00,4.85
20130605,4.90E-05,4.90E+00,4.9
20130606,4.80E-05,4.80E+00,4.8
20130607,9.37E-05,9.37E+00,9.37
20130610,4.76E-05,4.76E+00,4.76
20130611,7.33E-05,7.33E+00,7.33
20130612,0.000163752,1.64E+01,16.3752
20130613,8.38E-05,8.38E+00,8.38
20130614,5.43E-05,5.43E+00,5.43
20130617,6.28E-05,6.28E+00,6.28
20130618,4.57E-05,4.57E+00,4.57
20130619,2.56E-05,2.56E+00,2.56
20130620,0.000105973,1.06E+01,10.5973
20130621,6.08E-05,6.08E+00,6.08
20130624,6.46E-05,6.46E+00,6.46
20130625,5.47E-05,5.47E+00,5.47
20130626,9.37E-05,9.37E+00,9.37
20130627,6.70E-05,6.70E+00,6.7
20130628,5.22E-05,5.22E+00,5.22
20130701,5.57E-05,5.57E+00,5.57
20130702,4.86E-05,4.86E+00,4.86
20130703,9.01E-05,9.01E+00,9.01
20130704,2.61E-05,2.61E+00,2.61
20130705,9.98E-05,9.98E+00,9.98
20130708,4.94E-05,4.94E+00,4.94
20130709,4.20E-05,4.20E+00,4.2
20130710,3.54E-05,3.54E+00,3.54
20130711,8.24E-05,8.24E+00,8.24
20130712,5.29E-05,5.29E+00,5.29
20130715,4.66E-05,4.66E+00,4.66
20130716,3.23E-05,3.23E+00,3.23
20130717,3.72E-05,3.72E+00,3.72
20130718,2.72E-05,2.72E+00,2.72
20130719,5.48E-05,5.48E+00,5.48
20130722,5.23E-05,5.23E+00,5.23
20130723,7.98E-05,7.98E+00,7.98
20130724,3.66E-05,3.66E+00,3.66
20130725,6.49E-05,6.49E+00,6.49
20130726,5.17E-05,5.17E+00,5.17
20130729,7.35E-05,7.35E+00,7.35
20130730,4.78E-05,4.78E+00,4.78
20130731,6.45E-05,6.45E+00,6.45
20130801,6.70E-05,6.70E+00,6.7
20130802,7.63E-05,7.63E+00,7.63
20130805,0.000115165,1.15E+01,11.5165
20130806,0.000119303,1.19E+01,11.9303
20130807,7.39E-05,7.39E+00,7.39
20130808,5.76E-05,5.76E+00,5.76
20130809,0.000119573,1.20E+01,11.9573
20130812,6.77E-05,6.77E+00,6.77
20130813,6.31E-05,6.31E+00,6.31
20130814,3.22E-05,3.22E+00,3.22
20130815,3.54E-05,3.54E+00,3.54
20130816,3.75E-05,3.75E+00,3.75
20130819,4.56E-05,4.56E+00,4.56
20130820,7.20E-05,7.20E+00,7.2
20130821,8.62E-05,8.62E+00,8.62
20130822,6.72E-05,6.72E+00,6.72
20130823,6.39E-05,6.39E+00,6.39
20130826,4.73E-05,4.73E+00,4.73
20130827,0.000106559,1.07E+01,10.6559
20130828,0.000172747,1.73E+01,17.2747
20130829,6.88E-05,6.88E+00,6.88
20130830,6.18E-05,6.18E+00,6.18
20130902,4.27E-05,4.27E+00,4.27
20130903,5.64E-05,5.64E+00,5.64
20130904,6.59E-05,6.59E+00,6.59
20130905,5.10E-05,5.10E+00,5.1
20130906,5.97E-05,5.97E+00,5.97
20130909,5.30E-05,5.30E+00,5.3
20130910,0.00012368,1.24E+01,12.368
20130911,5.71E-05,5.71E+00,5.71
20130912,8.18E-05,8.18E+00,8.18
20130913,5.22E-05,5.22E+00,5.22
20130916,0.000113712,1.14E+01,11.3712
20130917,3.46E-05,3.46E+00,3.46
20130918,2.46E-05,2.46E+00,2.46
20130919,5.11E-05,5.11E+00,5.11
20130920,4.89E-05,4.89E+00,4.89
20130923,5.71E-05,5.71E+00,5.71
20130924,5.02E-05,5.02E+00,5.02
20130925,4.65E-05,4.65E+00,4.65
20130926,3.25E-05,3.25E+00,3.25
20130927,4.25E-05,4.25E+00,4.25
20130930,5.04E-05,5.04E+00,5.04
20131001,3.57E-05,3.57E+00,3.57
20131002,5.38E-05,5.38E+00,5.38
20131003,5.15E-05,5.15E+00,5.15
20131004,2.54E-05,2.54E+00,2.54
20131007,4.02E-05,4.02E+00,4.02
20131008,4.23E-05,4.23E+00,4.23
20131009,5.03E-05,5.03E+00,5.03
20131010,6.19E-05,6.19E+00,6.19
20131011,0.000109935,1.10E+01,10.9935
20131014,6.25E-05,6.25E+00,6.25
20131015,3.99E-05,3.99E+00,3.99
20131016,5.30E-05,5.30E+00,5.3
20131017,5.50E-05,5.50E+00,5.5
20131018,4.38E-05,4.38E+00,4.38
20131021,3.94E-05,3.94E+00,3.94
20131022,7.89E-05,7.89E+00,7.89
20131023,3.17E-05,3.17E+00,3.17
20131024,6.94E-05,6.94E+00,6.94
20131025,6.70E-05,6.70E+00,6.7
20131028,0.000100036,1.00E+01,10.0036
20131029,3.91E-05,3.91E+00,3.91
20131030,5.88E-05,5.88E+00,5.88
20131031,7.09E-05,7.09E+00,7.09
20131101,3.47E-05,3.47E+00,3.47
20131104,3.80E-05,3.80E+00,3.8
20131105,3.38E-05,3.38E+00,3.38
20131106,2.76E-05,2.76E+00,2.76
20131107,8.91E-05,8.91E+00,8.91
20131108,6.50E-05,6.50E+00,6.5
20131111,3.15E-05,3.15E+00,3.15
20131112,5.40E-05,5.40E+00,5.4
20131113,2.89E-05,2.89E+00,2.89
20131114,3.93E-05,3.93E+00,3.93
20131115,4.77E-05,4.77E+00,4.77
20131118,3.30E-05,3.30E+00,3.3
20131119,3.76E-05,3.76E+00,3.76
20131120,4.18E-05,4.18E+00,4.18
20131121,4.72E-05,4.72E+00,4.72
20131122,9.39E-05,9.39E+00,9.39
20131125,7.02E-05,7.02E+00,7.02
20131126,2.60E-05,2.60E+00,2.6
20131127,6.55E-05,6.55E+00,6.55
20131128,1.10E-05,1.10E+00,1.1
20131129,2.51E-05,2.51E+00,2.51
20131202,5.51E-05,5.51E+00,5.51
20131203,7.12E-05,7.12E+00,7.12
20131204,4.33E-05,4.33E+00,4.33
20131205,3.90E-05,3.90E+00,3.9
20131206,9.87E-05,9.87E+00,9.87
20131209,3.14E-05,3.14E+00,3.14
20131210,8.04E-05,8.04E+00,8.04
20131211,3.18E-05,3.18E+00,3.18
20131212,3.00E-05,3.00E+00,3
20131213,4.59E-05,4.59E+00,4.59
20131216,4.61E-05,4.61E+00,4.61
20131217,4.07E-05,4.07E+00,4.07
20131218,2.31E-05,2.31E+00,2.31
20131219,2.16E-05,2.16E+00,2.16
20131220,3.76E-05,3.76E+00,3.76
20131223,1.61E-05,1.61E+00,1.61
20131224,1.32E-05,1.32E+00,1.32
20131226,1.57E-05,1.57E+00,1.57
20131227,1.73E-05,1.73E+00,1.73
20131230,2.51E-05,2.51E+00,2.51
20131231,3.40E-05,3.40E+00,3.4
20140102,5.65E-05,5.65E+00,5.65
20140103,3.73E-05,3.73E+00,3.73
20140106,2.85E-05,2.85E+00,2.85
20140107,2.19E-05,2.19E+00,2.19
20140108,2.82E-05,2.82E+00,2.82
20140109,2.50E-05,2.50E+00,2.5
20140110,6.54E-05,6.54E+00,6.54
20140113,4.66E-05,4.66E+00,4.66
20140114,3.66E-05,3.66E+00,3.66
20140115,3.96E-05,3.96E+00,3.96
20140116,5.31E-05,5.31E+00,5.31
20140117,4.17E-05,4.17E+00,4.17
20140120,1.38E-05,1.38E+00,1.38
20140121,7.16E-05,7.16E+00,7.16
20140122,3.60E-05,3.60E+00,3.6
20140123,3.52E-05,3.52E+00,3.52
20140124,5.19E-05,5.19E+00,5.19
20140127,5.00E-05,5.00E+00,5
20140128,5.58E-05,5.58E+00,5.58
20140129,4.75E-05,4.75E+00,4.75
20140130,3.70E-05,3.70E+00,3.7
20140131,4.65E-05,4.65E+00,4.65
20140203,3.99E-05,3.99E+00,3.99
20140204,6.85E-05,6.85E+00,6.85
20140205,4.33E-05,4.33E+00,4.33
20140206,5.11E-05,5.11E+00,5.11
20140207,5.18E-05,5.18E+00,5.18
20140210,3.85E-05,3.85E+00,3.85
20140211,4.00E-05,4.00E+00,4
20140212,2.62E-05,2.62E+00,2.62
20140213,3.10E-05,3.10E+00,3.1
20140214,1.70E-05,1.70E+00,1.7
20140217,1.16E-05,1.16E+00,1.16
20140218,2.03E-05,2.03E+00,2.03
20140219,3.16E-05,3.16E+00,3.16
20140220,2.26E-05,2.26E+00,2.26
20140221,1.51E-05,1.51E+00,1.51
20140224,2.85E-05,2.85E+00,2.85
20140225,4.67E-05,4.67E+00,4.67
20140226,1.83E-05,1.83E+00,1.83
20140227,5.20E-05,5.20E+00,5.2
20140228,2.37E-05,2.37E+00,2.37
20140303,8.53E-05,8.53E+00,8.53
20140304,3.51E-05,3.51E+00,3.51
20140305,3.45E-05,3.45E+00,3.45
20140306,4.05E-05,4.05E+00,4.05
20140307,4.37E-05,4.37E+00,4.37
20140310,5.01E-05,5.01E+00,5.01
20140311,2.76E-05,2.76E+00,2.76
20140312,9.75E-05,9.75E+00,9.75
20140313,5.33E-05,5.33E+00,5.33
20140314,5.13E-05,5.13E+00,5.13
20140317,3.81E-05,3.81E+00,3.81
20140318,4.03E-05,4.03E+00,4.03
20140319,4.05E-05,4.05E+00,4.05
20140320,4.02E-05,4.02E+00,4.02
20140321,6.32E-05,6.32E+00,6.32
20140324,3.00E-05,3.00E+00,3
20140325,5.74E-05,5.74E+00,5.74
20140326,4.34E-05,4.34E+00,4.34
20140327,7.91E-05,7.91E+00,7.91
20140328,4.28E-05,4.28E+00,4.28
20140331,1.87E-05,1.87E+00,1.87
20140401,3.23E-05,3.23E+00,3.23
20140402,2.81E-05,2.81E+00,2.81
20140403,4.67E-05,4.67E+00,4.67
20140404,3.55E-05,3.55E+00,3.55
20140407,3.53E-05,3.53E+00,3.53
20140408,3.15E-05,3.15E+00,3.15
20140409,3.51E-05,3.51E+00,3.51
20140410,2.57E-05,2.57E+00,2.57
20140411,2.21E-05,2.21E+00,2.21
20140414,3.47E-05,3.47E+00,3.47
20140415,2.55E-05,2.55E+00,2.55
20140416,3.59E-05,3.59E+00,3.59
20140417,4.37E-05,4.37E+00,4.37
20140421,1.86E-05,1.86E+00,1.86
20140422,3.97E-05,3.97E+00,3.97
20140423,2.03E-05,2.03E+00,2.03
20140424,4.32E-05,4.32E+00,4.32
20140425,4.44E-05,4.44E+00,4.44
20140428,4.27E-05,4.27E+00,4.27
20140429,4.38E-05,4.38E+00,4.38
20140430,3.79E-05,3.79E+00,3.79
20140501,3.39E-05,3.39E+00,3.39
20140502,3.77E-05,3.77E+00,3.77
20140505,3.59E-05,3.59E+00,3.59
20140506,3.24E-05,3.24E+00,3.24
20140507,3.77E-05,3.77E+00,3.77
20140508,4.28E-05,4.28E+00,4.28
20140509,3.50E-05,3.50E+00,3.5
20140512,3.38E-05,3.38E+00,3.38
20140513,4.22E-05,4.22E+00,4.22
20140514,2.06E-05,2.06E+00,2.06
20140515,2.95E-05,2.95E+00,2.95
20140516,1.64E-05,1.64E+00,1.64
20140519,1.64E-05,1.64E+00,1.64
20140520,1.81E-05,1.81E+00,1.81
20140521,1.43E-05,1.43E+00,1.43
20140522,1.76E-05,1.76E+00,1.76
20140523,1.26E-05,1.26E+00,1.26
20140526,3.81E-06,3.81E-01,0.381
20140527,2.29E-05,2.29E+00,2.29
20140528,1.94E-05,1.94E+00,1.94
20140529,1.40E-05,1.40E+00,1.4
20140530,1.42E-05,1.42E+00,1.42
20140602,1.73E-05,1.73E+00,1.73
20140603,1.56E-05,1.56E+00,1.56
20140604,1.33E-05,1.33E+00,1.33
20140605,2.62E-05,2.62E+00,2.62
20140606,1.47E-05,1.47E+00,1.47
20140609,1.40E-05,1.40E+00,1.4
20140610,1.93E-05,1.93E+00,1.93
20140611,1.20E-05,1.20E+00,1.2
20140612,4.71E-05,4.71E+00,4.71
20140613,4.23E-05,4.23E+00,4.23
20140616,2.35E-05,2.35E+00,2.35
20140617,2.00E-05,2.00E+00,2
20140618,1.56E-05,1.56E+00,1.56
20140619,3.47E-05,3.47E+00,3.47
20140620,2.45E-05,2.45E+00,2.45
20140623,2.45E-05,2.45E+00,2.45
20140624,1.59E-05,1.59E+00,1.59
20140625,2.98E-05,2.98E+00,2.98
20140626,2.23E-05,2.23E+00,2.23
20140627,1.83E-05,1.83E+00,1.83
20140630,1.35E-05,1.35E+00,1.35
20140701,2.12E-05,2.12E+00,2.12
20140702,1.98E-05,1.98E+00,1.98
20140703,1.89E-05,1.89E+00,1.89
20140704,7.52E-06,7.52E-01,0.752
20140707,1.28E-05,1.28E+00,1.28
20140708,1.70E-05,1.70E+00,1.7
20140709,1.64E-05,1.64E+00,1.64
20140710,2.46E-05,2.46E+00,2.46
20140711,2.54E-05,2.54E+00,2.54
20140714,2.24E-05,2.24E+00,2.24
20140715,3.39E-05,3.39E+00,3.39
20140716,2.22E-05,2.22E+00,2.22
20140717,4.34E-05,4.34E+00,4.34
20140718,2.89E-05,2.89E+00,2.89
20140721,3.45E-05,3.45E+00,3.45
20140722,3.21E-05,3.21E+00,3.21
20140723,1.76E-05,1.76E+00,1.76
20140724,2.71E-05,2.71E+00,2.71
20140725,4.32E-05,4.32E+00,4.32
20140728,3.45E-05,3.45E+00,3.45
20140729,2.33E-05,2.33E+00,2.33
20140730,2.74E-05,2.74E+00,2.74
20140731,3.05E-05,3.05E+00,3.05
20140801,4.12E-05,4.12E+00,4.12
20140804,1.83E-05,1.83E+00,1.83
20140805,1.54E-05,1.54E+00,1.54
20140806,2.43E-05,2.43E+00,2.43
20140807,3.70E-05,3.70E+00,3.7
20140808,3.20E-05,3.20E+00,3.2
20140811,2.63E-05,2.63E+00,2.63
20140812,2.68E-05,2.68E+00,2.68
20140813,1.28E-05,1.28E+00,1.28
20140814,2.32E-05,2.32E+00,2.32
20140815,2.01E-05,2.01E+00,2.01
20140818,2.83E-05,2.83E+00,2.83
20140819,1.58E-05,1.58E+00,1.58
20140820,1.57E-05,1.57E+00,1.57
20140821,4.70E-05,4.70E+00,4.7
20140822,2.47E-05,2.47E+00,2.47
20140825,1.81E-05,1.81E+00,1.81
20140826,4.07E-05,4.07E+00,4.07
20140827,2.05E-05,2.05E+00,2.05
20140828,3.11E-05,3.11E+00,3.11
20140829,2.05E-05,2.05E+00,2.05
20140901,9.48E-06,9.48E-01,0.948
20140902,2.64E-05,2.64E+00,2.64
20140903,2.24E-05,2.24E+00,2.24
20140904,6.69E-05,6.69E+00,6.69
20140905,4.44E-05,4.44E+00,4.44
20140908,6.17E-05,6.17E+00,6.17
20140909,5.37E-05,5.37E+00,5.37
20140910,3.58E-05,3.58E+00,3.58
20140911,7.33E-05,7.33E+00,7.33
20140912,5.77E-05,5.77E+00,5.77
20140915,9.97E-05,9.97E+00,9.97
20140916,3.33E-05,3.33E+00,3.33
20140917,4.91E-05,4.91E+00,4.91
20140918,6.00E-05,6.00E+00,6
20140919,8.29E-05,8.29E+00,8.29
20140922,4.55E-05,4.55E+00,4.55
20140923,4.88E-05,4.88E+00,4.88
20140924,4.30E-05,4.30E+00,4.3
20140925,5.14E-05,5.14E+00,5.14
20140926,5.31E-05,5.31E+00,5.31
20140929,5.19E-05,5.19E+00,5.19
20140930,6.09E-05,6.09E+00,6.09
20141001,4.36E-05,4.36E+00,4.36
20141002,0.000247266,2.47E+01,24.7266
20141003,9.49E-05,9.49E+00,9.49
20141006,5.41E-05,5.41E+00,5.41
20141007,8.40E-05,8.40E+00,8.4
20141008,7.94E-05,7.94E+00,7.94
20141009,7.42E-05,7.42E+00,7.42
20141010,0.000157604,1.58E+01,15.7604
20141013,0.000118522,1.19E+01,11.8522
20141014,7.43E-05,7.43E+00,7.43
20141015,0.00046636,4.66E+01,46.636
20141016,0.000148326,1.48E+01,14.8326
20141017,0.000203947,2.04E+01,20.3947
20141020,6.13E-05,6.13E+00,6.13
20141021,0.000161937,1.62E+01,16.1937
20141022,7.41E-05,7.41E+00,7.41
20141023,0.000178333,1.78E+01,17.8333
20141024,5.52E-05,5.52E+00,5.52
20141027,9.67E-05,9.67E+00,9.67
20141028,9.26E-05,9.26E+00,9.26
20141029,7.89E-05,7.89E+00,7.89
20141030,9.33E-05,9.33E+00,9.33
20141031,0.000118341,1.18E+01,11.8341
20141103,7.86E-05,7.86E+00,7.86
20141104,0.000266206,2.66E+01,26.6206
20141105,0.000105131,1.05E+01,10.5131
20141106,0.00010645,1.06E+01,10.645
20141107,0.000134716,1.35E+01,13.4716
20141110,8.38E-05,8.38E+00,8.38
20141111,0.000108927,1.09E+01,10.8927
20141112,7.67E-05,7.67E+00,7.67
20141113,9.93E-05,9.93E+00,9.93
20141114,0.000100005,1.00E+01,10.0005
20141117,0.000109078,1.09E+01,10.9078
20141118,9.87E-05,9.87E+00,9.87
20141119,0.000101458,1.01E+01,10.1458
20141120,8.54E-05,8.54E+00,8.54
20141121,0.000194166,1.94E+01,19.4166
20141124,0.000109676,1.10E+01,10.9676
20141125,8.77E-05,8.77E+00,8.77
20141126,0.000112278,1.12E+01,11.2278
20141127,0.000179234,1.79E+01,17.9234
20141128,0.000243559,2.44E+01,24.3559
20141201,0.00041331,4.13E+01,41.331
20141202,0.000351238,3.51E+01,35.1238
20141203,0.000186197,1.86E+01,18.6197
20141204,0.000163776,1.64E+01,16.3776
20141205,0.000132935,1.33E+01,13.2935
20141208,0.000124274,1.24E+01,12.4274
20141209,0.000198994,1.99E+01,19.8994
20141210,0.000131853,1.32E+01,13.1853
20141211,0.000185142,1.85E+01,18.5142
20141212,0.000343284,3.43E+01,34.3284
20141215,0.000328051,3.28E+01,32.8051
20141216,0.000653652,6.54E+01,65.3652
20141217,0.000308845,3.09E+01,30.8845
20141218,0.000979124,9.79E+01,97.9124
20141219,0.000393671,3.94E+01,39.3671
20141222,0.000322375,3.22E+01,32.2375
20141223,0.000549306,5.49E+01,54.9306
20141224,0.000170296,1.70E+01,17.0296
20141226,0.000151147,1.51E+01,15.1147
20141229,0.000204572,2.05E+01,20.4572
20141230,0.000202265,2.02E+01,20.2265
20141231,0.000140732,1.41E+01,14.0732
20150102,0.000368816,3.69E+01,36.8816
20150105,0.000240105,2.40E+01,24.0105
20150106,0.000367739,3.68E+01,36.7739
20150107,0.000697485,6.97E+01,69.7485
20150108,0.00027814,2.78E+01,27.814
20150109,0.000331408,3.31E+01,33.1408
20150112,0.000185406,1.85E+01,18.5406
20150113,0.000525103,5.25E+01,52.5103
20150114,0.000387939,3.88E+01,38.7939
20150115,0.001165188,1.17E+02,116.5188
20150116,0.000648306,6.48E+01,64.8306
20150119,0.000225073,2.25E+01,22.5073
20150120,0.000406238,4.06E+01,40.6238
20150121,0.000285469,2.85E+01,28.5469
20150122,0.000723242,7.23E+01,72.3242
20150123,0.000681424,6.81E+01,68.1424
20150126,0.000609625,6.10E+01,60.9625
20150127,0.000499316,4.99E+01,49.9316
20150128,0.000160387,1.60E+01,16.0387
20150129,0.000195806,1.96E+01,19.5806
20150130,0.000237446,2.37E+01,23.7446
20150202,0.002312356,2.31E+02,231.2356
20150203,0.000615726,6.16E+01,61.5726
20150204,0.000484797,4.85E+01,48.4797
20150205,0.001016002,1.02E+02,101.6002
20150206,0.000746819,7.47E+01,74.6819
20150209,0.000369725,3.70E+01,36.9725
20150210,0.000292578,2.93E+01,29.2578
20150211,0.000424156,4.24E+01,42.4156
20150212,0.000400265,4.00E+01,40.0265
20150213,0.000333645,3.34E+01,33.3645
20150216,0.000202305,2.02E+01,20.2305
20150217,0.000278766,2.79E+01,27.8766
20150218,0.000362245,3.62E+01,36.2245
20150219,0.000418833,4.19E+01,41.8833
20150220,0.000305524,3.06E+01,30.5524
20150223,0.000311829,3.12E+01,31.1829
20150224,0.000362938,3.63E+01,36.2938
20150225,0.000253482,2.53E+01,25.3482
20150226,0.000455952,4.56E+01,45.5952
20150227,0.000308625,3.09E+01,30.8625
20150302,0.000149728,1.50E+01,14.9728
20150303,0.000279452,2.79E+01,27.9452
20150304,0.000163667,1.64E+01,16.3667
20150305,0.000245124,2.45E+01,24.5124
20150306,0.000223724,2.24E+01,22.3724
20150309,0.000282844,2.83E+01,28.2844
20150310,0.000213215,2.13E+01,21.3215
20150311,0.000290762,2.91E+01,29.0762
20150312,0.000239349,2.39E+01,23.9349
20150313,0.00022532,2.25E+01,22.532
20150316,0.000210676,2.11E+01,21.0676
20150317,0.000263638,2.64E+01,26.3638
20150318,0.000296735,2.97E+01,29.6735
20150319,0.000284583,2.85E+01,28.4583
20150320,0.000654182,6.54E+01,65.4182
20150323,0.000467957,4.68E+01,46.7957
20150324,0.000554316,5.54E+01,55.4316
20150325,0.000367853,3.68E+01,36.7853
20150326,0.000631133,6.31E+01,63.1133
20150327,0.000386468,3.86E+01,38.6468
20150330,0.000373414,3.73E+01,37.3414
20150331,0.000331833,3.32E+01,33.1833
20150401,0.000307999,3.08E+01,30.7999
20150402,0.000554757,5.55E+01,55.4757
20150406,0.000194279,1.94E+01,19.4279
20150407,0.000157975,1.58E+01,15.7975
20150408,0.000152666,1.53E+01,15.2666
20150409,0.000232057,2.32E+01,23.2057
20150410,0.00035686,3.57E+01,35.686
20150413,0.000276646,2.77E+01,27.6646
20150414,0.000169373,1.69E+01,16.9373
20150415,0.000113195,1.13E+01,11.3195
20150416,0.000312483,3.12E+01,31.2483
20150417,0.000201538,2.02E+01,20.1538
20150420,0.000247449,2.47E+01,24.7449
20150421,0.000246147,2.46E+01,24.6147
20150422,0.000158329,1.58E+01,15.8329
20150423,0.000150111,1.50E+01,15.0111
20150424,0.000155473,1.55E+01,15.5473
20150427,0.000145625,1.46E+01,14.5625
20150428,0.000104464,1.04E+01,10.4464
20150429,7.01E-05,7.01E+00,7.01
20150430,0.000166373,1.66E+01,16.6373
20150501,0.000122514,1.23E+01,12.2514
20150504,0.000117364,1.17E+01,11.7364
20150505,0.000194997,1.95E+01,19.4997
20150506,0.000121356,1.21E+01,12.1356
20150507,0.00018853,1.89E+01,18.853
20150508,0.000287538,2.88E+01,28.7538
20150511,0.000214314,2.14E+01,21.4314
20150512,0.000190036,1.90E+01,19.0036
20150513,0.000127129,1.27E+01,12.7129
20150514,0.000120026,1.20E+01,12.0026
20150515,0.000108892,1.09E+01,10.8892
20150518,0.000146647,1.47E+01,14.6647
20150519,0.00011431,1.14E+01,11.431
20150520,9.71E-05,9.71E+00,9.71
20150521,0.000124312,1.24E+01,12.4312
20150522,0.000129106,1.29E+01,12.9106
20150525,0.000107896,1.08E+01,10.7896
20150526,0.000135637,1.36E+01,13.5637
20150527,0.000165324,1.65E+01,16.5324
20150528,0.000171983,1.72E+01,17.1983
20150529,0.000201704,2.02E+01,20.1704
20150601,0.000127911,1.28E+01,12.7911
20150602,0.000190977,1.91E+01,19.0977
20150603,0.000237833,2.38E+01,23.7833
20150604,0.000207703,2.08E+01,20.7703
20150605,0.000513516,5.14E+01,51.3516
20150608,0.000191829,1.92E+01,19.1829
20150609,0.000138747,1.39E+01,13.8747
20150610,0.000137531,1.38E+01,13.7531
20150611,0.000144392,1.44E+01,14.4392
20150612,0.000104905,1.05E+01,10.4905
20150615,0.000107738,1.08E+01,10.7738
20150616,0.000108951,1.09E+01,10.8951
20150617,0.000141584,1.42E+01,14.1584
20150618,0.000162334,1.62E+01,16.2334
20150619,0.000135796,1.36E+01,13.5796
20150622,0.000101134,1.01E+01,10.1134
20150623,0.000134479,1.34E+01,13.4479
20150624,0.000134266,1.34E+01,13.4266
20150625,0.000111826,1.12E+01,11.1826
20150626,6.93E-05,6.93E+00,6.93
20150629,0.000236737,2.37E+01,23.6737
20150630,9.89E-05,9.89E+00,9.89
20150701,8.58E-05,8.58E+00,8.58
20150702,0.00012205,1.22E+01,12.205
20150703,2.48E-05,2.48E+00,2.48
20150706,0.000235313,2.35E+01,23.5313
20150707,0.000301429,3.01E+01,30.1429
20150708,0.000281371,2.81E+01,28.1371
20150709,0.000255686,2.56E+01,25.5686
20150710,0.000216819,2.17E+01,21.6819
20150713,0.000339468,3.39E+01,33.9468
20150714,0.000362026,3.62E+01,36.2026
20150715,0.000202599,2.03E+01,20.2599
20150716,0.000214296,2.14E+01,21.4296
20150717,0.000207376,2.07E+01,20.7376
20150720,0.000176433,1.76E+01,17.6433
20150721,9.15E-05,9.15E+00,9.15
20150722,8.88E-05,8.88E+00,8.88
20150723,8.57E-05,8.57E+00,8.57
20150724,0.000103871,1.04E+01,10.3871
20150727,0.00013848,1.38E+01,13.848
20150728,0.000161899,1.62E+01,16.1899
20150729,0.00011532,1.15E+01,11.532
20150730,0.000139358,1.39E+01,13.9358
20150731,0.000224414,2.24E+01,22.4414
20150803,0.000145848,1.46E+01,14.5848
20150804,0.00013666,1.37E+01,13.666
20150805,9.77E-05,9.77E+00,9.77
20150806,0.000136374,1.36E+01,13.6374
20150807,0.000137278,1.37E+01,13.7278
20150810,0.000164257,1.64E+01,16.4257
20150811,0.000286764,2.87E+01,28.6764
20150812,0.000282005,2.82E+01,28.2005
20150813,0.000152863,1.53E+01,15.2863
20150814,0.000171662,1.72E+01,17.1662
20150817,0.000147173,1.47E+01,14.7173
20150818,0.000131727,1.32E+01,13.1727
20150819,0.000115858,1.16E+01,11.5858
20150820,0.000224452,2.24E+01,22.4452
20150821,0.000182852,1.83E+01,18.2852
20150824,0.00080211,8.02E+01,80.211
20150825,0.000467867,4.68E+01,46.7867
20150826,0.00019391,1.94E+01,19.391
20150827,0.000312069,3.12E+01,31.2069
20150828,0.000611692,6.12E+01,61.1692
20150831,0.000357207,3.57E+01,35.7207
20150901,0.000831815,8.32E+01,83.1815
20150902,0.000782494,7.82E+01,78.2494
20150903,0.000538202,5.38E+01,53.8202
20150904,0.000557138,5.57E+01,55.7138
20150907,0.000128632,1.29E+01,12.8632
20150908,0.000465589,4.66E+01,46.5589
20150909,0.000408639,4.09E+01,40.8639
20150910,0.00032698,3.27E+01,32.698
20150911,0.000226439,2.26E+01,22.6439
20150914,0.000192468,1.92E+01,19.2468
20150915,0.000180934,1.81E+01,18.0934
20150916,0.000160848,1.61E+01,16.0848
20150917,0.000250864,2.51E+01,25.0864
20150918,0.000403825,4.04E+01,40.3825
20150921,0.000308472,3.08E+01,30.8472
20150922,0.000205723,2.06E+01,20.5723
20150923,0.000131279,1.31E+01,13.1279
20150924,0.000323257,3.23E+01,32.3257
20150925,0.000238578,2.39E+01,23.8578
20150928,0.000162449,1.62E+01,16.2449
20150929,0.000139253,1.39E+01,13.9253
20150930,9.93E-05,9.93E+00,9.93
20151001,0.00027207,2.72E+01,27.207
20151002,0.000207029,2.07E+01,20.7029
20151005,0.000217662,2.18E+01,21.7662
20151006,0.000223223,2.23E+01,22.3223
20151007,0.000151302,1.51E+01,15.1302
20151008,0.000234353,2.34E+01,23.4353
20151009,0.000287885,2.88E+01,28.7885
20151012,0.000179195,1.79E+01,17.9195
20151013,0.000451487,4.51E+01,45.1487
20151014,0.000214394,2.14E+01,21.4394
20151015,0.000214814,2.15E+01,21.4814
20151016,0.000194509,1.95E+01,19.4509
20151019,0.000152686,1.53E+01,15.2686
20151020,0.000148212,1.48E+01,14.8212
20151021,9.75E-05,9.75E+00,9.75
20151022,0.000121295,1.21E+01,12.1295
20151023,0.000278952,2.79E+01,27.8952
20151026,0.00016693,1.67E+01,16.693
20151027,0.000223284,2.23E+01,22.3284
20151028,0.00104878,1.05E+02,104.878
20151029,0.00065371,6.54E+01,65.371
20151030,0.000192872,1.93E+01,19.2872
20151102,0.000160478,1.60E+01,16.0478
20151103,0.000168064,1.68E+01,16.8064
20151104,0.000211129,2.11E+01,21.1129
20151105,0.000238939,2.39E+01,23.8939
20151106,0.000266921,2.67E+01,26.6921
20151109,0.00021193,2.12E+01,21.193
20151110,0.000365405,3.65E+01,36.5405
20151111,0.000190479,1.90E+01,19.0479
20151112,0.000256481,2.56E+01,25.6481
20151113,0.000202381,2.02E+01,20.2381
20151116,0.000314402,3.14E+01,31.4402
20151117,0.000428364,4.28E+01,42.8364
20151118,0.000211415,2.11E+01,21.1415
20151119,0.000242292,2.42E+01,24.2292
20151120,0.000147505,1.48E+01,14.7505
20151123,0.000670267,6.70E+01,67.0267
20151124,0.000309396,3.09E+01,30.9396
20151125,0.000210723,2.11E+01,21.0723
20151126,9.74E-05,9.74E+00,9.74
20151127,0.00017293,1.73E+01,17.293
20151130,0.000197572,1.98E+01,19.7572
20151201,0.000229976,2.30E+01,22.9976
20151202,0.000146376,1.46E+01,14.6376
20151203,0.000259649,2.60E+01,25.9649
20151204,0.001103747,1.10E+02,110.3747
20151207,0.000217139,2.17E+01,21.7139
20151208,0.000473452,4.73E+01,47.3452
20151209,0.00020481,2.05E+01,20.481
20151210,0.000352079,3.52E+01,35.2079
20151211,0.000220361,2.20E+01,22.0361
20151214,0.000426398,4.26E+01,42.6398
20151215,0.000349364,3.49E+01,34.9364
20151216,0.000254032,2.54E+01,25.4032
20151217,0.000309467,3.09E+01,30.9467
20151218,0.000338479,3.38E+01,33.8479
20151221,0.000222452,2.22E+01,22.2452
20151222,0.000152704,1.53E+01,15.2704
20151223,9.37E-05,9.37E+00,9.37
20151224,0.000167987,1.68E+01,16.7987
20151228,0.000167661,1.68E+01,16.7661
20151229,0.000185923,1.86E+01,18.5923
20151230,0.000124464,1.24E+01,12.4464
20151231,0.000103777,1.04E+01,10.3777
20160104,0.000383374,3.83E+01,38.3374
20160105,0.000417931,4.18E+01,41.7931
20160106,0.000261271,2.61E+01,26.1271
20160107,0.000869003,8.69E+01,86.9003
20160108,0.000527463,5.27E+01,52.7463
20160111,0.000398609,3.99E+01,39.8609
20160112,0.000639008,6.39E+01,63.9008
20160113,0.000393615,3.94E+01,39.3615
20160114,0.000319,3.19E+01,31.9
20160115,0.000531608,5.32E+01,53.1608
20160118,0.000448133,4.48E+01,44.8133
20160119,0.000674452,6.74E+01,67.4452
20160120,0.000463457,4.63E+01,46.3457
20160121,0.000569982,5.70E+01,56.9982
20160122,0.000470212,4.70E+01,47.0212
20160125,0.000826222,8.26E+01,82.6222
20160126,0.000894512,8.95E+01,89.4512
20160127,0.000657126,6.57E+01,65.7126
20160128,0.001704784,1.70E+02,170.4784
20160129,0.000564197,5.64E+01,56.4197
20160201,0.000832914,8.33E+01,83.2914
20160202,0.000718303,7.18E+01,71.8303
20160203,0.000595538,5.96E+01,59.5538
20160204,0.001058942,1.06E+02,105.8942
20160205,0.001011539,1.01E+02,101.1539
20160208,0.000885777,8.86E+01,88.5777
20160209,0.000553463,5.53E+01,55.3463
20160210,0.000953586,9.54E+01,95.3586
20160211,0.001210641,1.21E+02,121.0641
20160212,0.000610403,6.10E+01,61.0403
20160215,0.000527328,5.27E+01,52.7328
20160216,0.001771222,1.77E+02,177.1222
20160217,0.000825094,8.25E+01,82.5094
20160218,0.00061553,6.16E+01,61.553
20160219,0.000516716,5.17E+01,51.6716
20160222,0.000324564,3.25E+01,32.4564
20160223,0.000648676,6.49E+01,64.8676
20160224,0.000291288,2.91E+01,29.1288
20160225,0.000736418,7.36E+01,73.6418
20160226,0.000703318,7.03E+01,70.3318
20160229,0.000534395,5.34E+01,53.4395
20160301,0.000310828,3.11E+01,31.0828
20160302,0.000380497,3.80E+01,38.0497
20160303,0.000182049,1.82E+01,18.2049
20160304,0.000301707,3.02E+01,30.1707
20160307,0.000278509,2.79E+01,27.8509
20160308,0.000491881,4.92E+01,49.1881
20160309,0.000289847,2.90E+01,28.9847
20160310,0.000580222,5.80E+01,58.0222
20160311,0.000156781,1.57E+01,15.6781
20160314,0.000266877,2.67E+01,26.6877
20160315,0.000256814,2.57E+01,25.6814
20160316,0.00025843,2.58E+01,25.843
20160317,0.000275389,2.75E+01,27.5389
20160318,0.000296996,2.97E+01,29.6996
20160321,0.000386037,3.86E+01,38.6037
20160322,0.00035281,3.53E+01,35.281
20160323,0.000236583,2.37E+01,23.6583
20160324,0.000222014,2.22E+01,22.2014
20160328,0.000160614,1.61E+01,16.0614
20160329,0.000139005,1.39E+01,13.9005
20160330,0.000156818,1.57E+01,15.6818
20160331,0.000348668,3.49E+01,34.8668
20160401,0.000340976,3.41E+01,34.0976
20160404,0.000283064,2.83E+01,28.3064
20160405,0.000353596,3.54E+01,35.3596
20160406,0.000162394,1.62E+01,16.2394
20160407,0.000164005,1.64E+01,16.4005
20160408,0.000189987,1.90E+01,18.9987
20160411,0.000224241,2.24E+01,22.4241
20160412,0.000221461,2.21E+01,22.1461
20160413,0.000179111,1.79E+01,17.9111
20160414,0.000149693,1.50E+01,14.9693
20160415,0.000309937,3.10E+01,30.9937
20160418,0.000496824,4.97E+01,49.6824
20160419,0.000374904,3.75E+01,37.4904
20160420,0.000183071,1.83E+01,18.3071
20160421,0.000294285,2.94E+01,29.4285
20160422,0.000232386,2.32E+01,23.2386
20160425,0.000252169,2.52E+01,25.2169
20160426,0.000130827,1.31E+01,13.0827
20160427,0.000116451,1.16E+01,11.6451
20160428,0.00018512,1.85E+01,18.512
20160429,0.00015746,1.57E+01,15.746
20160502,0.000191242,1.91E+01,19.1242
20160503,0.000282635,2.83E+01,28.2635
20160504,0.000186206,1.86E+01,18.6206
20160505,0.000566475,5.66E+01,56.6475
20160506,0.00030523,3.05E+01,30.523
20160509,0.00030508,3.05E+01,30.508
20160510,0.000475888,4.76E+01,47.5888
20160511,0.00022305,2.23E+01,22.305
20160512,0.000269733,2.70E+01,26.9733
20160513,0.000279491,2.79E+01,27.9491
20160516,9.40E-05,9.40E+00,9.4
20160517,0.000236586,2.37E+01,23.6586
20160518,8.47E-05,8.47E+00,8.47
20160519,0.000170881,1.71E+01,17.0881
20160520,0.000188323,1.88E+01,18.8323
20160523,0.000111499,1.11E+01,11.1499
20160524,0.000140243,1.40E+01,14.0243
20160525,8.35E-05,8.35E+00,8.35
20160526,0.00010079,1.01E+01,10.079
20160527,0.000113536,1.14E+01,11.3536
20160530,2.16E-05,2.16E+00,2.16
20160531,5.52E-05,5.52E+00,5.52
20160601,8.95E-05,8.95E+00,8.95
20160602,0.000165024,1.65E+01,16.5024
20160603,0.00024847,2.48E+01,24.847
20160606,7.25E-05,7.25E+00,7.25
20160607,8.34E-05,8.34E+00,8.34
20160608,8.51E-05,8.51E+00,8.51
20160609,8.91E-05,8.91E+00,8.91
20160610,8.26E-05,8.26E+00,8.26
20160613,9.06E-05,9.06E+00,9.06
20160614,8.98E-05,8.98E+00,8.98
20160615,0.00011331,1.13E+01,11.331
20160616,0.000100682,1.01E+01,10.0682
20160617,0.000150702,1.51E+01,15.0702
20160620,0.000133671,1.34E+01,13.3671
20160621,9.62E-05,9.62E+00,9.62
20160622,0.000106028,1.06E+01,10.6028
20160623,0.000149103,1.49E+01,14.9103
20160624,0.0003829,3.83E+01,38.29
20160627,0.000120645,1.21E+01,12.0645
20160628,0.000174256,1.74E+01,17.4256
20160629,9.37E-05,9.37E+00,9.37
20160630,0.000107035,1.07E+01,10.7035
20160701,0.00016394,1.64E+01,16.394
20160704,5.60E-05,5.60E+00,5.6
20160705,0.000121731,1.22E+01,12.1731
20160706,0.000175955,1.76E+01,17.5955
20160707,0.000101673,1.02E+01,10.1673
20160708,0.000240256,2.40E+01,24.0256
20160711,0.000165821,1.66E+01,16.5821
20160712,0.000232034,2.32E+01,23.2034
20160713,0.000143102,1.43E+01,14.3102
20160714,0.000202317,2.02E+01,20.2317
20160715,0.000209963,2.10E+01,20.9963
20160718,0.000126384,1.26E+01,12.6384
20160719,0.000173744,1.74E+01,17.3744
20160720,0.000166749,1.67E+01,16.6749
20160721,0.000146935,1.47E+01,14.6935
20160722,0.000153673,1.54E+01,15.3673
20160725,0.000106246,1.06E+01,10.6246
20160726,0.00014168,1.42E+01,14.168
20160727,9.18E-05,9.18E+00,9.18
20160728,9.99E-05,9.99E+00,9.99
20160729,0.000133436,1.33E+01,13.3436
20160801,0.000162362,1.62E+01,16.2362
20160802,0.000222257,2.22E+01,22.2257
20160803,0.000220753,2.21E+01,22.0753
20160804,0.000249197,2.49E+01,24.9197
20160805,0.000214085,2.14E+01,21.4085
20160808,0.000116964,1.17E+01,11.6964
20160809,0.000201883,2.02E+01,20.1883
20160810,0.00013117,1.31E+01,13.117
20160811,0.00017818,1.78E+01,17.818
20160812,0.000218358,2.18E+01,21.8358
20160815,0.000178275,1.78E+01,17.8275
20160816,0.000241275,2.41E+01,24.1275
20160817,0.000122871,1.23E+01,12.2871
20160818,9.63E-05,9.63E+00,9.63
20160819,0.000116647,1.17E+01,11.6647
20160822,0.000122571,1.23E+01,12.2571
20160823,0.000107215,1.07E+01,10.7215
20160824,8.85E-05,8.85E+00,8.85
20160825,0.00015842,1.58E+01,15.842
20160826,7.50E-05,7.50E+00,7.5
20160829,9.58E-05,9.58E+00,9.58
20160830,5.52E-05,5.52E+00,5.52
20160831,6.56E-05,6.56E+00,6.56
20160901,0.000100644,1.01E+01,10.0644
20160902,0.000253829,2.54E+01,25.3829
20160905,0.00050843,5.08E+01,50.843
20160906,0.000197455,1.97E+01,19.7455
20160907,0.000180533,1.81E+01,18.0533
20160908,9.98E-05,9.98E+00,9.98
20160909,0.000153354,1.53E+01,15.3354
20160912,0.000377709,3.78E+01,37.7709
20160913,0.000275393,2.75E+01,27.5393
20160914,0.000142164,1.42E+01,14.2164
20160915,0.000431449,4.31E+01,43.1449
20160916,0.000137871,1.38E+01,13.7871
20160919,0.000128476,1.28E+01,12.8476
20160920,0.000170336,1.70E+01,17.0336
20160921,6.01E-05,6.01E+00,6.01
20160922,9.07E-05,9.07E+00,9.07
20160923,0.000353033,3.53E+01,35.3033
20160926,0.000229211,2.29E+01,22.9211
20160927,0.000280742,2.81E+01,28.0742
20160928,0.00016584,1.66E+01,16.584
20160929,0.000180397,1.80E+01,18.0397
20160930,0.000195305,1.95E+01,19.5305
20161003,0.000218265,2.18E+01,21.8265
20161004,0.000117983,1.18E+01,11.7983
20161005,5.18E-05,5.18E+00,5.18
20161006,0.000110404,1.10E+01,11.0404
20161007,0.000151451,1.51E+01,15.1451
20161010,0.000140468,1.40E+01,14.0468
20161011,0.000157133,1.57E+01,15.7133
20161012,0.000269118,2.69E+01,26.9118
20161013,7.06E-05,7.06E+00,7.06
20161014,9.97E-05,9.97E+00,9.97
20161017,0.000170897,1.71E+01,17.0897
20161018,7.78E-05,7.78E+00,7.78
20161019,4.02E-05,4.02E+00,4.02
20161020,9.15E-05,9.15E+00,9.15
20161021,0.000129244,1.29E+01,12.9244
20161024,0.000105941,1.06E+01,10.5941
20161025,7.74E-05,7.74E+00,7.74
20161026,9.21E-05,9.21E+00,9.21
20161027,0.000105933,1.06E+01,10.5933
20161028,7.99E-05,7.99E+00,7.99
20161031,0.000105207,1.05E+01,10.5207
20161101,0.000216309,2.16E+01,21.6309
20161102,0.000343631,3.44E+01,34.3631
20161103,0.000114772,1.15E+01,11.4772
20161104,0.000731996,7.32E+01,73.1996
20161107,0.000145089,1.45E+01,14.5089
20161108,0.000101314,1.01E+01,10.1314
20161109,0.000289675,2.90E+01,28.9675
20161110,0.000316865,3.17E+01,31.6865
20161111,0.00012863,1.29E+01,12.863
20161114,0.000153806,1.54E+01,15.3806
20161115,0.000205775,2.06E+01,20.5775
20161116,0.000147893,1.48E+01,14.7893
20161117,0.000163414,1.63E+01,16.3414
20161118,0.000261881,2.62E+01,26.1881
20161121,0.000146859,1.47E+01,14.6859
20161122,0.000372046,3.72E+01,37.2046
20161123,0.000160759,1.61E+01,16.0759
20161124,4.29E-05,4.29E+00,4.29
20161125,9.94E-05,9.94E+00,9.94
20161128,0.000396409,3.96E+01,39.6409
20161129,0.000379612,3.80E+01,37.9612
20161130,0.001118088,1.12E+02,111.8088
20161201,0.000210441,2.10E+01,21.0441
20161202,0.000235654,2.36E+01,23.5654
20161205,0.000157883,1.58E+01,15.7883
20161206,0.000147909,1.48E+01,14.7909
20161207,0.000169651,1.70E+01,16.9651
20161208,0.000125049,1.25E+01,12.5049
20161209,0.000148549,1.49E+01,14.8549
20161212,0.000169358,1.69E+01,16.9358
20161213,0.000116826,1.17E+01,11.6826
20161214,7.17E-05,7.17E+00,7.17
20161215,0.000141809,1.42E+01,14.1809
20161216,0.000220053,2.20E+01,22.0053
20161219,0.000115257,1.15E+01,11.5257
20161220,5.12E-05,5.12E+00,5.12
20161221,3.52E-05,3.52E+00,3.52
20161222,7.97E-05,7.97E+00,7.97
20161223,4.65E-05,4.65E+00,4.65
20161227,4.10E-05,4.10E+00,4.1
20161228,8.38E-05,8.38E+00,8.38
20161229,4.80E-05,4.80E+00,4.8
20161230,4.13E-05,4.13E+00,4.13
20170103,0.000176024,1.76E+01,17.6024
20170104,0.000195972,1.96E+01,19.5972
20170105,6.89E-05,6.89E+00,6.89
20170106,0.000110606,1.11E+01,11.0606
20170109,0.000106137,1.06E+01,10.6137
20170110,0.000122428,1.22E+01,12.2428
20170111,9.37E-05,9.37E+00,9.37
20170112,0.000132828,1.33E+01,13.2828
20170113,0.000102269,1.02E+01,10.2269
20170116,7.52E-05,7.52E+00,7.52
20170117,0.000166575,1.67E+01,16.6575
20170118,0.000178177,1.78E+01,17.8177
20170119,0.000112831,1.13E+01,11.2831
20170120,0.000121106,1.21E+01,12.1106
20170123,8.41E-05,8.41E+00,8.41
20170124,7.94E-05,7.94E+00,7.94
20170125,6.71E-05,6.71E+00,6.71
20170126,0.000150624,1.51E+01,15.0624
20170127,0.000147779,1.48E+01,14.7779
20170130,0.000112496,1.12E+01,11.2496
20170131,0.000101922,1.02E+01,10.1922
20170201,6.24E-05,6.24E+00,6.24
20170202,0.000114389,1.14E+01,11.4389
20170203,6.46E-05,6.46E+00,6.46
20170206,4.63E-05,4.63E+00,4.63
20170207,9.49E-05,9.49E+00,9.49
20170208,5.71E-05,5.71E+00,5.71
20170209,5.60E-05,5.60E+00,5.6
20170210,0.000117399,1.17E+01,11.7399
20170213,0.000134118,1.34E+01,13.4118
20170214,5.10E-05,5.10E+00,5.1
20170215,4.62E-05,4.62E+00,4.62
20170216,5.12E-05,5.12E+00,5.12
20170217,4.68E-05,4.68E+00,4.68
20170220,3.15E-05,3.15E+00,3.15
20170221,5.32E-05,5.32E+00,5.32
20170222,6.48E-05,6.48E+00,6.48
20170223,4.19E-05,4.19E+00,4.19
20170224,4.48E-05,4.48E+00,4.48
20170227,4.62E-05,4.62E+00,4.62
20170228,3.81E-05,3.81E+00,3.81
20170301,3.73E-05,3.73E+00,3.73
20170302,8.49E-05,8.49E+00,8.49
20170303,4.29E-05,4.29E+00,4.29
20170306,3.94E-05,3.94E+00,3.94
20170307,4.77E-05,4.77E+00,4.77
20170308,3.13E-05,3.13E+00,3.13
20170309,0.000707136,7.07E+01,70.7136
20170310,0.000196227,1.96E+01,19.6227
20170313,0.000155852,1.56E+01,15.5852
20170314,0.000210942,2.11E+01,21.0942
20170315,0.000135948,1.36E+01,13.5948
20170316,0.000115335,1.15E+01,11.5335
20170317,6.25E-05,6.25E+00,6.25
20170320,0.000117996,1.18E+01,11.7996
20170321,9.24E-05,9.24E+00,9.24
20170322,0.000115117,1.15E+01,11.5117
20170323,0.000109537,1.10E+01,10.9537
20170324,4.82E-05,4.82E+00,4.82
20170327,5.83E-05,5.83E+00,5.83
20170328,4.26E-05,4.26E+00,4.26
20170329,4.29E-05,4.29E+00,4.29
20170330,7.56E-05,7.56E+00,7.56
20170331,5.87E-05,5.87E+00,5.87
20170403,4.27E-05,4.27E+00,4.27
20170404,8.04E-05,8.04E+00,8.04
20170405,3.01E-05,3.01E+00,3.01
20170406,3.44E-05,3.44E+00,3.44
20170407,0.000123996,1.24E+01,12.3996
20170410,4.67E-05,4.67E+00,4.67
20170411,4.22E-05,4.22E+00,4.22
20170412,2.53E-05,2.53E+00,2.53
20170413,2.88E-05,2.88E+00,2.88
20170417,4.68E-05,4.68E+00,4.68
20170418,4.90E-05,4.90E+00,4.9
20170419,3.96E-05,3.96E+00,3.96
20170420,8.70E-05,8.70E+00,8.7
20170421,9.25E-05,9.25E+00,9.25
20170424,9.60E-05,9.60E+00,9.6
20170425,6.78E-05,6.78E+00,6.78
20170426,4.59E-05,4.59E+00,4.59
20170427,9.11E-05,9.11E+00,9.11
20170428,7.81E-05,7.81E+00,7.81
20170501,4.74E-05,4.74E+00,4.74
20170502,7.20E-05,7.20E+00,7.2
20170503,5.67E-05,5.67E+00,5.67
20170504,0.000158643,1.59E+01,15.8643
20170505,0.000329864,3.30E+01,32.9864
20170508,0.000263746,2.64E+01,26.3746
20170509,7.26E-05,7.26E+00,7.26
20170510,7.25E-05,7.25E+00,7.25
20170511,8.87E-05,8.87E+00,8.87
20170512,7.64E-05,7.64E+00,7.64
20170515,0.000104654,1.05E+01,10.4654
20170516,7.23E-05,7.23E+00,7.23
20170517,0.000114811,1.15E+01,11.4811
20170518,0.000130981,1.31E+01,13.0981
20170519,7.20E-05,7.20E+00,7.2
20170522,7.99E-05,7.99E+00,7.99
20170523,6.10E-05,6.10E+00,6.1
20170524,4.58E-05,4.58E+00,4.58
20170525,0.000629118,6.29E+01,62.9118
20170526,0.000296016,2.96E+01,29.6016
20170529,4.52E-05,4.52E+00,4.52
20170530,6.84E-05,6.84E+00,6.84
20170531,0.000162464,1.62E+01,16.2464
20170601,0.000143173,1.43E+01,14.3173
20170602,0.000255715,2.56E+01,25.5715
20170605,0.000127735,1.28E+01,12.7735
20170606,0.000131684,1.32E+01,13.1684
20170607,5.46E-05,5.46E+00,5.46
20170608,0.00011895,1.19E+01,11.895
20170609,0.000171443,1.71E+01,17.1443
20170612,0.000171099,1.71E+01,17.1099
20170613,6.71E-05,6.71E+00,6.71
20170614,7.64E-05,7.64E+00,7.64
20170615,0.00010287,1.03E+01,10.287
20170616,3.58E-05,3.58E+00,3.58
20170619,6.19E-05,6.19E+00,6.19
20170620,0.000229775,2.30E+01,22.9775
20170621,9.37E-05,9.37E+00,9.37
20170622,9.34E-05,9.34E+00,9.34
20170623,0.00012192,1.22E+01,12.192
20170626,7.82E-05,7.82E+00,7.82
20170627,8.07E-05,8.07E+00,8.07
20170628,6.48E-05,6.48E+00,6.48
20170629,6.90E-05,6.90E+00,6.9
20170630,6.04E-05,6.04E+00,6.04
20170703,6.92E-05,6.92E+00,6.92
20170704,3.35E-05,3.35E+00,3.35
20170705,0.00017952,1.80E+01,17.952
20170706,9.72E-05,9.72E+00,9.72
20170707,0.000244266,2.44E+01,24.4266
20170710,0.000138837,1.39E+01,13.8837
20170711,0.000159314,1.59E+01,15.9314
20170712,0.000105133,1.05E+01,10.5133
20170713,0.000165856,1.66E+01,16.5856
20170714,0.000178217,1.78E+01,17.8217
20170717,0.000122043,1.22E+01,12.2043
20170718,8.87E-05,8.87E+00,8.87
20170719,6.83E-05,6.83E+00,6.83
20170720,8.17E-05,8.17E+00,8.17
20170721,0.000157483,1.57E+01,15.7483
20170724,0.000212467,2.12E+01,21.2467
20170725,7.50E-05,7.50E+00,7.5
20170726,5.81E-05,5.81E+00,5.81
20170727,0.000172916,1.73E+01,17.2916
20170728,4.75E-05,4.75E+00,4.75
20170731,0.000105307,1.05E+01,10.5307
20170801,6.79E-05,6.79E+00,6.79
20170802,7.51E-05,7.51E+00,7.51
20170803,0.000100834,1.01E+01,10.0834
20170804,0.000143664,1.44E+01,14.3664
20170807,9.49E-05,9.49E+00,9.49
20170808,0.000122575,1.23E+01,12.2575
20170809,4.66E-05,4.66E+00,4.66
20170810,9.29E-05,9.29E+00,9.29
20170811,0.000110377,1.10E+01,11.0377
20170814,8.99E-05,8.99E+00,8.99
20170815,7.53E-05,7.53E+00,7.53
20170816,4.66E-05,4.66E+00,4.66
20170817,4.92E-05,4.92E+00,4.92
20170818,4.41E-05,4.41E+00,4.41
20170821,7.28E-05,7.28E+00,7.28
20170822,0.000135998,1.36E+01,13.5998
20170823,3.83E-05,3.83E+00,3.83
20170824,6.87E-05,6.87E+00,6.87
20170825,3.23E-05,3.23E+00,3.23
20170828,5.50E-05,5.50E+00,5.5
20170829,0.000146699,1.47E+01,14.6699
20170830,7.05E-05,7.05E+00,7.05
20170831,9.73E-05,9.73E+00,9.73
20170901,8.78E-05,8.78E+00,8.78
20170904,5.40E-05,5.40E+00,5.4
20170905,0.000118656,1.19E+01,11.8656
20170906,7.25E-05,7.25E+00,7.25
20170907,0.0001054,1.05E+01,10.54
20170908,4.30E-05,4.30E+00,4.3
20170911,6.63E-05,6.63E+00,6.63
20170912,0.000144063,1.44E+01,14.4063
20170913,5.97E-05,5.97E+00,5.97
20170914,5.07E-05,5.07E+00,5.07
20170915,8.86E-05,8.86E+00,8.86
20170918,0.00012175,1.22E+01,12.175
20170919,4.57E-05,4.57E+00,4.57
20170920,3.53E-05,3.53E+00,3.53
20170921,7.87E-05,7.87E+00,7.87
20170922,6.51E-05,6.51E+00,6.51
20170925,8.27E-05,8.27E+00,8.27
20170926,0.000111272,1.11E+01,11.1272
20170927,5.57E-05,5.57E+00,5.57
20170928,8.88E-05,8.88E+00,8.88
20170929,9.08E-05,9.08E+00,9.08
20171002,7.52E-05,7.52E+00,7.52
20171003,5.58E-05,5.58E+00,5.58
20171004,3.16E-05,3.16E+00,3.16
20171005,4.99E-05,4.99E+00,4.99
20171006,0.000107016,1.07E+01,10.7016
20171009,8.05E-05,8.05E+00,8.05
20171010,0.00010071,1.01E+01,10.071
20171011,0.000102798,1.03E+01,10.2798
20171012,5.43E-05,5.43E+00,5.43
20171013,8.50E-05,8.50E+00,8.5
20171016,8.52E-05,8.52E+00,8.52
20171017,6.21E-05,6.21E+00,6.21
20171018,2.58E-05,2.58E+00,2.58
20171019,0.000107041,1.07E+01,10.7041
20171020,0.000112471,1.12E+01,11.2471
20171023,8.55E-05,8.55E+00,8.55
20171024,0.000102825,1.03E+01,10.2825
20171025,3.29E-05,3.29E+00,3.29
20171026,4.86E-05,4.86E+00,4.86
20171027,0.000106397,1.06E+01,10.6397
20171030,0.000109415,1.09E+01,10.9415
20171031,4.35E-05,4.35E+00,4.35
20171101,7.12E-05,7.12E+00,7.12
20171102,5.98E-05,5.98E+00,5.98
20171103,4.35E-05,4.35E+00,4.35
20171106,4.34E-05,4.34E+00,4.34
20171107,5.88E-05,5.88E+00,5.88
20171108,2.62E-05,2.62E+00,2.62
20171109,4.35E-05,4.35E+00,4.35
20171211,6.83E-05,6.83E+00,6.83
20171212,9.25E-05,9.25E+00,9.25
20171213,4.49E-05,4.49E+00,4.49
20171214,6.98E-05,6.98E+00,6.98
20171215,5.84E-05,5.84E+00,5.84
20171218,5.32E-05,5.32E+00,5.32
20171219,3.60E-05,3.60E+00,3.6
20171220,1.24E-05,1.24E+00,1.24
20171221,2.98E-05,2.98E+00,2.98
20171222,2.09E-05,2.09E+00,2.09
20171226,2.43E-05,2.43E+00,2.43
20171227,4.28E-05,4.28E+00,4.28
20171228,1.59E-05,1.59E+00,1.59
20171229,2.41E-05,2.41E+00,2.41
20180102,5.80E-05,5.80E+00,5.8
20180103,3.51E-05,3.51E+00,3.51
20180104,2.33E-05,2.33E+00,2.33
20180105,5.72E-05,5.72E+00,5.72
20180108,3.24E-05,3.24E+00,3.24
20180109,3.04E-05,3.04E+00,3.04
20180110,1.94E-05,1.94E+00,1.94
20180111,5.22E-05,5.22E+00,5.22
20180112,6.21E-05,6.21E+00,6.21
20180115,3.41E-05,3.41E+00,3.41
20180116,5.32E-05,5.32E+00,5.32
20180117,5.19E-05,5.19E+00,5.19
20180118,2.27E-05,2.27E+00,2.27
20180119,6.46E-05,6.46E+00,6.46
20180122,2.69E-05,2.69E+00,2.69
20180123,4.44E-05,4.44E+00,4.44
20180124,2.73E-05,2.73E+00,2.73
20180125,4.94E-05,4.94E+00,4.94
20180126,5.31E-05,5.31E+00,5.31
20180129,6.06E-05,6.06E+00,6.06
20180130,8.10E-05,8.10E+00,8.1
20180131,2.09E-05,2.09E+00,2.09
20180201,5.77E-05,5.77E+00,5.77
20180202,9.62E-05,9.62E+00,9.62
20180205,8.69E-05,8.69E+00,8.69
20180206,0.000130909,1.31E+01,13.0909
20180207,7.02E-05,7.02E+00,7.02
20180208,0.000116432,1.16E+01,11.6432
20180209,7.21E-05,7.21E+00,7.21
20180212,0.000178233,1.78E+01,17.8233
20180213,0.000121521,1.22E+01,12.1521
20180214,8.70E-05,8.70E+00,8.7
20180215,0.000108912,1.09E+01,10.8912
20180216,0.000104613,1.05E+01,10.4613
20180219,4.11E-05,4.11E+00,4.11
20180220,7.32E-05,7.32E+00,7.32
20180221,9.34E-05,9.34E+00,9.34
20180222,6.62E-05,6.62E+00,6.62
20180223,3.87E-05,3.87E+00,3.87
20180226,6.83E-05,6.83E+00,6.83
20180227,3.69E-05,3.69E+00,3.69
20180228,2.99E-05,2.99E+00,2.99
20180301,0.000127175,1.27E+01,12.7175
20180302,0.000105588,1.06E+01,10.5588
20180305,5.40E-05,5.40E+00,5.4
20180306,7.57E-05,7.57E+00,7.57
20180307,8.65E-05,8.65E+00,8.65
20180308,6.48E-05,6.48E+00,6.48
20180309,6.49E-05,6.49E+00,6.49
20180312,7.10E-05,7.10E+00,7.1
20180313,0.000219579,2.20E+01,21.9579
20180314,0.000178317,1.78E+01,17.8317
20180315,0.000124715,1.25E+01,12.4715
20180316,3.97E-05,3.97E+00,3.97
20180319,0.000102996,1.03E+01,10.2996
20180320,7.10E-05,7.10E+00,7.1
20180321,6.51E-05,6.51E+00,6.51
20180322,8.88E-05,8.88E+00,8.88
20180323,0.00011242,1.12E+01,11.242
20180326,5.04E-05,5.04E+00,5.04
20180327,0.000140523,1.41E+01,14.0523
20180328,3.35E-05,3.35E+00,3.35
20180329,4.08E-05,4.08E+00,4.08
20180402,7.99E-05,7.99E+00,7.99
20180403,7.28E-05,7.28E+00,7.28
20180404,0.000121434,1.21E+01,12.1434
20180405,0.000110242,1.10E+01,11.0242
20180406,6.81E-05,6.81E+00,6.81
20180409,6.79E-05,6.79E+00,6.79
20180410,7.82E-05,7.82E+00,7.82
20180411,8.19E-05,8.19E+00,8.19
20180412,0.000138253,1.38E+01,13.8253
20180413,0.000129605,1.30E+01,12.9605
20180416,9.37E-05,9.37E+00,9.37
20180417,7.76E-05,7.76E+00,7.76
20180418,5.03E-05,5.03E+00,5.03
20180419,9.92E-05,9.92E+00,9.92
20180420,0.000129191,1.29E+01,12.9191
20180423,0.000149117,1.49E+01,14.9117
20180424,9.65E-05,9.65E+00,9.65
20180425,4.79E-05,4.79E+00,4.79
20180426,6.23E-05,6.23E+00,6.23
20180427,4.04E-05,4.04E+00,4.04
20180430,6.08E-05,6.08E+00,6.08
20180501,8.82E-05,8.82E+00,8.82
20180502,3.82E-05,3.82E+00,3.82
20180503,5.00E-05,5.00E+00,5
20180504,4.65E-05,4.65E+00,4.65
20180507,4.66E-05,4.66E+00,4.66
20180508,5.88E-05,5.88E+00,5.88
20180509,5.45E-05,5.45E+00,5.45
20180510,3.66E-05,3.66E+00,3.66
20180511,4.52E-05,4.52E+00,4.52
